ticker,date,model,actual,prediction,fold
AAPL,2017-09-28,Naive,0.013765901501058053,0.00672943432887934,1
AAPL,2017-09-29,Naive,0.007655933420191996,0.00672943432887934,1
AAPL,2017-10-02,Naive,0.013197751206100339,0.00672943432887934,1
AAPL,2017-10-03,Naive,0.009191855065245225,0.00672943432887934,1
AAPL,2017-10-04,Naive,0.02000244788002048,0.00672943432887934,1
AAPL,2017-10-05,Naive,0.003925323181706908,0.00672943432887934,1
AAPL,2017-10-06,Naive,0.010882464047485385,0.00672943432887934,1
AAPL,2017-10-09,Naive,0.0259238806880695,0.00672943432887934,1
AAPL,2017-10-10,Naive,0.029313607348415927,0.00672943432887934,1
AAPL,2017-10-11,Naive,0.02050470494134804,0.00672943432887934,1
AAPL,2017-10-12,Naive,-0.00012787723785168126,0.00672943432887934,1
AAPL,2017-10-13,Naive,-0.004713628090316502,0.00672943432887934,1
AAPL,2017-10-16,Naive,-0.023205278273974117,0.00672943432887934,1
AAPL,2017-10-17,Naive,-0.021000678676919127,0.00672943432887934,1
AAPL,2017-10-18,Naive,-0.02096863011181349,0.00672943432887934,1
AAPL,2017-10-19,Naive,0.0091674589518842,0.00672943432887934,1
AAPL,2017-10-20,Naive,0.043520210251744906,0.00672943432887934,1
AAPL,2017-10-23,Naive,0.067555186371133,0.00672943432887934,1
AAPL,2017-10-24,Naive,0.07600254881888624,0.00672943432887934,1
AAPL,2017-10-25,Naive,0.067003152603754,0.00672943432887934,1
AAPL,2017-10-26,Naive,0.06797551337827357,0.00672943432887934,1
AAPL,2017-10-27,Naive,0.05795727068417866,0.00672943432887934,1
AAPL,2017-10-30,Naive,0.04516520914614852,0.00672943432887934,1
AAPL,2017-10-31,Naive,0.034133856920061545,0.00672943432887934,1
AAPL,2017-11-01,Naive,0.05602499485576251,0.00672943432887934,1
AAPL,2017-11-02,Naive,0.046219652556952484,0.00672943432887934,1
AAPL,2017-11-03,Naive,0.016220020301157323,0.00672943432887934,1
AAPL,2017-11-06,Naive,0.0019824467761864195,0.00672943432887934,1
AAPL,2017-11-07,Naive,-0.01632637292660677,0.00672943432887934,1
AAPL,2017-11-08,Naive,-0.03717764871087392,0.00672943432887934,1
AAPL,2017-11-09,Naive,-0.02368035012963965,0.00672943432887934,1
AAPL,2017-11-10,Naive,-0.025877038365548555,0.00672943432887934,1
AAPL,2017-11-13,Naive,-0.02293497964393698,0.00672943432887934,1
AAPL,2017-11-14,Naive,0.010505654195936742,0.00672943432887934,1
AAPL,2017-11-15,Naive,0.03477653886276233,0.00672943432887934,1
AAPL,2017-11-16,Naive,0.022617963018258802,0.00672943432887934,1
AAPL,2017-11-17,Naive,0.023155374684605157,0.00672943432887934,1
AAPL,2017-11-20,Naive,0.018178580876120565,0.00672943432887934,1
AAPL,2017-11-21,Naive,-0.02113945123082661,0.00672943432887934,1
AAPL,2017-11-22,Naive,-0.01777569703467663,0.00672943432887934,1
AAPL,2017-11-24,Naive,-0.022403817413410798,0.00672943432887934,1
AAPL,2017-11-27,Naive,-0.02464208634510945,0.00672943432887934,1
AAPL,2017-11-28,Naive,-0.019818673912487483,0.00672943432887934,1
AAPL,2017-11-29,Naive,-0.002773197703380581,0.00672943432887934,1
AAPL,2017-11-30,Naive,-0.014721659463053594,0.00672943432887934,1
AAPL,2017-12-01,Naive,-0.009821447242616466,0.00672943432887934,1
AAPL,2017-12-04,Naive,0.016902263866619416,0.00672943432887934,1
AAPL,2017-12-05,Naive,0.01214334508122028,0.00672943432887934,1
AAPL,2017-12-06,Naive,0.019289033797195154,0.00672943432887934,1
AAPL,2017-12-07,Naive,0.017127089037306753,0.00672943432887934,1
AAPL,2017-12-08,Naive,0.027159517576871517,0.00672943432887934,1
AAPL,2017-12-11,Naive,0.02171753479546501,0.00672943432887934,1
AAPL,2017-12-12,Naive,0.016540293552683494,0.00672943432887934,1
AAPL,2017-12-13,Naive,0.012074096758503794,0.00672943432887934,1
AAPL,2017-12-14,Naive,0.016200048026275615,0.00672943432887934,1
AAPL,2017-12-15,Naive,0.005977915333348571,0.00672943432887934,1
AAPL,2017-12-18,Naive,-0.03315911782696512,0.00672943432887934,1
AAPL,2017-12-19,Naive,-0.022573364487336933,0.00672943432887934,1
AAPL,2017-12-20,Naive,-0.01875566939547091,0.00672943432887934,1
AAPL,2017-12-21,Naive,-0.03302701948521913,0.00672943432887934,1
AAPL,2017-12-22,Naive,-0.015713513102371457,0.00672943432887934,1
AAPL,2017-12-26,Naive,0.00973158729275636,0.00672943432887934,1
AAPL,2017-12-27,Naive,0.014243599977865173,0.00672943432887934,1
AAPL,2017-12-28,Naive,0.02291351633583072,0.00672943432887934,1
AAPL,2017-12-29,Naive,0.030255302519727856,0.00672943432887934,1
AAPL,2018-01-02,Naive,0.012016584564953803,0.00672943432887934,1
AAPL,2018-01-03,Naive,0.011960828606375928,0.00672943432887934,1
AAPL,2018-01-04,Naive,0.013003905957597706,0.00672943432887934,1
AAPL,2018-01-05,Naive,0.01194258026671502,0.00672943432887934,1
AAPL,2018-01-08,Naive,0.010553424804342404,0.00672943432887934,1
AAPL,2018-01-09,Naive,0.027362298212314284,0.00672943432887934,1
AAPL,2018-01-10,Naive,0.028515514485431215,0.00672943432887934,1
AAPL,2018-01-11,Naive,0.018142532253877297,0.00672943432887934,1
AAPL,2018-01-12,Naive,-0.0005080059355900834,0.00672943432887934,1
AAPL,2018-01-16,Naive,0.004824194540743454,0.00672943432887934,1
AAPL,2018-01-17,Naive,-0.027247471104262178,0.00672943432887934,1
AAPL,2018-01-18,Naive,-0.045464290520553896,0.00672943432887934,1
AAPL,2018-01-19,Naive,-0.0389447420145711,0.00672943432887934,1
AAPL,2018-01-22,Naive,-0.051073532661830456,0.00672943432887934,1
AAPL,2018-01-23,Naive,-0.05687951463434138,0.00672943432887934,1
AAPL,2018-01-24,Naive,-0.03897352474439786,0.00672943432887934,1
AAPL,2018-01-25,Naive,-0.01946141321877093,0.00672943432887934,1
AAPL,2018-01-26,Naive,-0.0641944317337182,0.00672943432887934,1
AAPL,2018-01-29,Naive,-0.06828991597823564,0.00672943432887934,1
AAPL,2018-01-30,Naive,-0.023597357944210362,0.00672943432887934,1
AAPL,2018-01-31,Naive,-0.047124273933785155,0.00672943432887934,1
AAPL,2018-02-01,Naive,-0.07527637688069744,0.00672943432887934,1
AAPL,2018-02-02,Naive,-0.02150953553418178,0.00672943432887934,1
AAPL,2018-02-05,Naive,0.04398624633316617,0.00672943432887934,1
AAPL,2018-02-06,Naive,0.012145188440370935,0.00672943432887934,1
AAPL,2018-02-07,Naive,0.05335614958808921,0.00672943432887934,1
AAPL,2018-02-08,Naive,0.11953067642701143,0.00672943432887934,1
AAPL,2018-02-09,Naive,0.10242324262856961,0.00672943432887934,1
AAPL,2018-02-12,Naive,0.05617313430627435,0.00672943432887934,1
AAPL,2018-02-13,Naive,0.040951938641924146,0.00672943432887934,1
AAPL,2018-02-14,Naive,0.030650009374027842,0.00672943432887934,1
AAPL,2018-02-15,Naive,0.014509588272343166,0.00672943432887934,1
AAPL,2018-02-16,Naive,0.0379284099210877,0.00672943432887934,1
AAPL,2018-02-20,Naive,0.038056428765475214,0.00672943432887934,1
AAPL,2018-02-21,Naive,0.04121114935040793,0.00672943432887934,1
AAPL,2018-02-22,Naive,0.01449309802406118,0.00672943432887934,1
AAPL,2018-02-23,Naive,0.004045748312355935,0.00672943432887934,1
AAPL,2018-02-26,Naive,-0.012013262106198241,0.00672943432887934,1
AAPL,2018-02-27,Naive,-0.00964143945077911,0.00672943432887934,1
AAPL,2018-02-28,Naive,-0.017347979040214123,0.00672943432887934,1
AAPL,2018-03-01,Naive,0.011085675022341368,0.00672943432887934,1
AAPL,2018-03-02,Naive,0.02139458773436176,0.00672943432887934,1
AAPL,2018-03-05,Naive,0.02771186242652024,0.00672943432887934,1
AAPL,2018-03-06,Naive,0.018678947917475153,0.00672943432887934,1
AAPL,2018-03-07,Naive,0.019482503748619262,0.00672943432887934,1
AAPL,2018-03-08,Naive,0.009664184726853708,0.00672943432887934,1
AAPL,2018-03-09,Naive,-0.010890196662895701,0.00672943432887934,1
AAPL,2018-03-12,Naive,-0.03532914459732728,0.00672943432887934,1
AAPL,2018-03-13,Naive,-0.026282372789958708,0.00672943432887934,1
AAPL,2018-03-14,Naive,-0.040181618406444075,0.00672943432887934,1
AAPL,2018-03-15,Naive,-0.05485599817892106,0.00672943432887934,1
AAPL,2018-03-16,Naive,-0.07347458202478829,0.00672943432887934,1
AAPL,2018-03-19,Naive,-0.014432156458090484,0.00672943432887934,1
AAPL,2018-03-20,Naive,-0.039374551187464246,0.00672943432887934,1
AAPL,2018-03-21,Naive,-0.02796771945034282,0.00672943432887934,1
AAPL,2018-03-22,Naive,-0.006336582002927971,0.00672943432887934,1
AAPL,2018-03-23,Naive,0.010549048776874903,0.00672943432887934,1
AAPL,2018-03-26,Naive,-0.025351587807247666,0.00672943432887934,1
AAPL,2018-03-27,Naive,0.019425057942088264,0.00672943432887934,1
AAPL,2018-03-28,Naive,0.037962645404935325,0.00672943432887934,1
AAPL,2018-03-29,Naive,0.003576016528556991,0.00672943432887934,1
AAPL,2018-04-02,Naive,0.02021861592564056,0.00672943432887934,1
AAPL,2018-04-03,Naive,0.028861438298818598,0.00672943432887934,1
AAPL,2018-04-04,Naive,0.004836242557740178,0.00672943432887934,1
AAPL,2018-04-05,Naive,0.007754681807831121,0.00672943432887934,1
AAPL,2018-04-06,Naive,0.03771222029930188,0.00672943432887934,1
AAPL,2018-04-09,Naive,0.03393075774508825,0.00672943432887934,1
AAPL,2018-04-10,Naive,0.028801925311190857,0.00672943432887934,1
AAPL,2018-04-11,Naive,0.03131536100309984,0.00672943432887934,1
AAPL,2018-04-12,Naive,-0.007695009457976187,0.00672943432887934,1
AAPL,2018-04-13,Naive,-0.05156505332253292,0.00672943432887934,1
AAPL,2018-04-16,Naive,-0.060174815712597196,0.00672943432887934,1
AAPL,2018-04-17,Naive,-0.0858392592185625,0.00672943432887934,1
AAPL,2018-04-18,Naive,-0.0797905843256006,0.00672943432887934,1
AAPL,2018-04-19,Naive,-0.04965285756499205,0.00672943432887934,1
AAPL,2018-04-20,Naive,-0.02051654398195768,0.00672943432887934,1
AAPL,2018-04-23,Naive,0.00012108535001154053,0.00672943432887934,1
AAPL,2018-04-24,Naive,0.037805658694136435,0.00672943432887934,1
AAPL,2018-04-25,Naive,0.07894891435004592,0.00672943432887934,1
AAPL,2018-04-26,Naive,0.07715283083403102,0.00672943432887934,1
AAPL,2018-04-27,Naive,0.13251595887486212,0.00672943432887934,1
AAPL,2018-04-30,Naive,0.12041612094627285,0.00672943432887934,1
AAPL,2018-05-01,Naive,0.10023657540625841,0.00672943432887934,1
AAPL,2018-05-02,Naive,0.061108917987569455,0.00672943432887934,1
AAPL,2018-05-03,Naive,0.07433981770056697,0.00672943432887934,1
AAPL,2018-05-04,Naive,0.02984927894955325,0.00672943432887934,1
AAPL,2018-05-07,Naive,0.020066760938350026,0.00672943432887934,1
AAPL,2018-05-08,Naive,0.005959999013763317,0.00672943432887934,1
AAPL,2018-05-09,Naive,0.008249384656123793,0.00672943432887934,1
AAPL,2018-05-10,Naive,-0.012254871540408385,0.00672943432887934,1
AAPL,2018-05-11,Naive,-0.012089771433343888,0.00672943432887934,1
AAPL,2018-05-14,Naive,-0.0027642471637959742,0.00672943432887934,1
AAPL,2018-05-15,Naive,0.00386221126522468,0.00672943432887934,1
AAPL,2018-05-16,Naive,0.0009567753836530191,0.00672943432887934,1
AAPL,2018-05-17,Naive,0.00620363167272564,0.00672943432887934,1
AAPL,2018-05-18,Naive,0.012184146137390384,0.00672943432887934,1
AAPL,2018-05-21,Naive,0.001439327086518949,0.00672943432887934,1
AAPL,2018-05-22,Naive,0.0018165333364732472,0.00672943432887934,1
AAPL,2018-05-23,Naive,-0.00791082165061363,0.00672943432887934,1
AAPL,2018-05-24,Naive,0.011107802022165325,0.00672943432887934,1
AAPL,2018-05-25,Naive,0.01723397468836496,0.00672943432887934,1
AAPL,2018-05-29,Naive,0.02879190954430655,0.00672943432887934,1
AAPL,2018-05-30,Naive,0.03455975251237953,0.00672943432887934,1
AAPL,2018-05-31,Naive,0.03526549886183128,0.00672943432887934,1
AAPL,2018-06-01,Naive,0.0076744713755223515,0.00672943432887934,1
AAPL,2018-06-04,Naive,-0.003127498529127859,0.00672943432887934,1
AAPL,2018-06-05,Naive,-0.005328113801442602,0.00672943432887934,1
AAPL,2018-06-06,Naive,-0.016908845738672462,0.00672943432887934,1
AAPL,2018-06-07,Naive,-0.013749782536898403,0.00672943432887934,1
AAPL,2018-06-08,Naive,-0.014919032161019197,0.00672943432887934,1
AAPL,2018-06-11,Naive,-0.013021482323267164,0.00672943432887934,1
AAPL,2018-06-12,Naive,-0.03427333653126907,0.00672943432887934,1
AAPL,2018-06-13,Naive,-0.02202399970089597,0.00672943432887934,1
AAPL,2018-06-14,Naive,-0.027987241405286634,0.00672943432887934,1
AAPL,2018-06-15,Naive,-0.020758307064127957,0.00672943432887934,1
AAPL,2018-06-18,Naive,-0.03480946419332798,0.00672943432887934,1
AAPL,2018-06-19,Naive,-0.006785230617469606,0.00672943432887934,1
AAPL,2018-06-20,Naive,-0.012546906668707947,0.00672943432887934,1
AAPL,2018-06-21,Naive,0.00021555055254607325,0.00672943432887934,1
AAPL,2018-06-22,Naive,0.0010275342551582245,0.00672943432887934,1
AAPL,2018-06-25,Naive,0.027501855084086868,0.00672943432887934,1
AAPL,2018-06-26,Naive,-0.0027657048729843314,0.00672943432887934,1
AAPL,2018-06-27,Naive,0.006733284146738017,0.00672943432887934,1
AAPL,2018-06-28,Naive,0.013315567712226972,0.00672943432887934,1
AAPL,2018-06-29,Naive,0.029550021880313304,0.00672943432887934,1
AAPL,2018-07-02,Naive,0.016935907229482128,0.00672943432887934,1
AAPL,2018-07-03,Naive,0.021531322849226653,0.00672943432887934,1
AAPL,2018-07-05,Naive,0.030366629701519265,0.00672943432887934,1
AAPL,2018-07-06,Naive,0.017875072338305875,0.00672943432887934,1
AAPL,2018-07-09,Naive,0.0017318993602286614,0.00672943432887934,1
AAPL,2018-07-10,Naive,0.005778467095154616,0.00672943432887934,1
AAPL,2018-07-11,Naive,0.013413054227405796,0.00672943432887934,1
AAPL,2018-07-12,Naive,0.004449630137642879,0.00672943432887934,1
AAPL,2018-07-13,Naive,0.0005750650441758154,0.00672943432887934,1
AAPL,2018-07-16,Naive,0.003666273534358444,0.00672943432887934,1
AAPL,2018-07-17,Naive,0.008095801474189201,0.00672943432887934,1
AAPL,2018-07-18,Naive,0.023213935561356314,0.00672943432887934,1
AAPL,2018-07-19,Naive,0.01214283802092364,0.00672943432887934,1
AAPL,2018-07-20,Naive,-0.002402796646394312,0.00672943432887934,1
AAPL,2018-07-23,Naive,-0.008872237029815433,0.00672943432887934,1
AAPL,2018-07-24,Naive,-0.014041491078061408,0.00672943432887934,1
AAPL,2018-07-25,Naive,0.03428838256466027,0.00672943432887934,1
AAPL,2018-07-26,Naive,0.06786491680328077,0.00672943432887934,1
AAPL,2018-07-27,Naive,0.08906652882804456,0.00672943432887934,1
AAPL,2018-07-30,Naive,0.10088988413382971,0.00672943432887934,1
AAPL,2018-07-31,Naive,0.08839167530146863,0.00672943432887934,1
AAPL,2018-08-01,Naive,0.028536053682794993,0.00672943432887934,1
AAPL,2018-08-02,Naive,0.0071844609368865164,0.00672943432887934,1
AAPL,2018-08-03,Naive,0.001287836528123698,0.00672943432887934,1
AAPL,2018-08-06,Naive,0.0025471763189488517,0.00672943432887934,1
AAPL,2018-08-07,Naive,0.016298736227303046,0.00672943432887934,1
AAPL,2018-08-08,Naive,0.017984777888907955,0.00672943432887934,1
AAPL,2018-08-09,Naive,0.02483816451073495,0.00672943432887934,1
AAPL,2018-08-10,Naive,0.04842666633468218,0.00672943432887934,1
AAPL,2018-08-13,Naive,0.03155084571357358,0.00672943432887934,1
AAPL,2018-08-14,Naive,0.025220462817175715,0.00672943432887934,1
AAPL,2018-08-15,Naive,0.02287824164939689,0.00672943432887934,1
AAPL,2018-08-16,Naive,0.010172226364945747,0.00672943432887934,1
AAPL,2018-08-17,Naive,-0.006525935496894508,0.00672943432887934,1
AAPL,2018-08-20,Naive,0.011510215314217698,0.00672943432887934,1
AAPL,2018-08-21,Naive,0.021670420113458766,0.00672943432887934,1
AAPL,2018-08-22,Naive,0.036875411529115,0.00672943432887934,1
AAPL,2018-08-23,Naive,0.044271095604632826,0.00672943432887934,1
AAPL,2018-08-24,Naive,0.05306213585865183,0.00672943432887934,1
AAPL,2018-08-27,Naive,0.04781114415790655,0.00672943432887934,1
AAPL,2018-08-28,Naive,0.03263548753167789,0.00672943432887934,1
AAPL,2018-08-29,Naive,0.0005381349074013997,0.00672943432887934,1
AAPL,2018-08-30,Naive,-0.016575706405881352,0.00672943432887934,1
AAPL,2018-08-31,Naive,-0.04085581017099593,0.00672943432887934,1
AAPL,2018-09-04,Naive,-0.0197493589652028,0.00672943432887934,1
AAPL,2018-09-05,Naive,-0.02556544235652447,0.00672943432887934,1
AAPL,2018-09-06,Naive,0.014836385249933581,0.00672943432887934,1
AAPL,2018-09-07,Naive,0.011477909027381106,0.00672943432887934,1
AAPL,2018-09-10,Naive,-0.002060967236049649,0.00672943432887934,1
AAPL,2018-09-11,Naive,-0.02506131028171099,0.00672943432887934,1
AAPL,2018-09-12,Naive,-0.012213267851530318,0.00672943432887934,1
AAPL,2018-09-13,Naive,-0.028178862337147725,0.00672943432887934,1
AAPL,2018-09-14,Naive,-0.027608877553074174,0.00672943432887934,1
AAPL,2018-09-17,Naive,0.013355992046228504,0.00672943432887934,1
AAPL,2018-09-18,Naive,0.018099162828167703,0.00672943432887934,1
AAPL,2018-09-19,Naive,0.009387491158787675,0.00672943432887934,1
AAPL,2018-09-20,Naive,0.022360515471869125,0.00672943432887934,1
AAPL,2018-09-21,Naive,0.03712190212181654,0.00672943432887934,1
AAPL,2018-09-24,Naive,0.02930363978187378,0.007436938910542471,2
AAPL,2018-09-25,Naive,0.0319096509628245,0.007436938910542471,2
AAPL,2018-09-26,Naive,0.052853845694570856,0.007436938910542471,2
AAPL,2018-09-27,Naive,0.013514223586807983,0.007436938910542471,2
AAPL,2018-09-28,Naive,-0.006423301858705988,0.007436938910542471,2
AAPL,2018-10-01,Naive,-0.015356630052204556,0.007436938910542471,2
AAPL,2018-10-02,Naive,-0.010511055955248483,0.007436938910542471,2
AAPL,2018-10-03,Naive,-0.06769524122837234,0.007436938910542471,2
AAPL,2018-10-04,Naive,-0.0593885517089372,0.007436938910542471,2
AAPL,2018-10-05,Naive,-0.009719343438015837,0.007436938910542471,2
AAPL,2018-10-08,Naive,-0.02864574707731693,0.007436938910542471,2
AAPL,2018-10-09,Naive,-0.02080498754849569,0.007436938910542471,2
AAPL,2018-10-10,Naive,0.022324178010686868,0.007436938910542471,2
AAPL,2018-10-11,Naive,0.007320852581710335,0.007436938910542471,2
AAPL,2018-10-12,Naive,-0.012606462745100355,0.007436938910542471,2
AAPL,2018-10-15,Naive,0.015136362245114832,0.007436938910542471,2
AAPL,2018-10-16,Naive,0.002610957706846495,0.007436938910542471,2
AAPL,2018-10-17,Naive,-0.0275781332014986,0.007436938910542471,2
AAPL,2018-10-18,Naive,0.017498416404154282,0.007436938910542471,2
AAPL,2018-10-19,Naive,-0.01372474437338711,0.007436938910542471,2
AAPL,2018-10-22,Naive,-0.03811457285225939,0.007436938910542471,2
AAPL,2018-10-23,Naive,-0.042338308010454906,0.007436938910542471,2
AAPL,2018-10-24,Naive,0.0175274526864857,0.007436938910542471,2
AAPL,2018-10-25,Naive,0.011010168182598257,0.007436938910542471,2
AAPL,2018-10-26,Naive,-0.04077699909481991,0.007436938910542471,2
AAPL,2018-10-29,Naive,-0.05017919619857247,0.007436938910542471,2
AAPL,2018-10-30,Naive,-0.04467907475756927,0.007436938910542471,2
AAPL,2018-10-31,Naive,-0.040711072928719894,0.007436938910542471,2
AAPL,2018-11-01,Naive,-0.05851214610128186,0.007436938910542471,2
AAPL,2018-11-02,Naive,-0.011069030591850937,0.007436938910542471,2
AAPL,2018-11-05,Naive,-0.033446799839220165,0.007436938910542471,2
AAPL,2018-11-06,Naive,-0.05334088481504751,0.007436938910542471,2
AAPL,2018-11-07,Naive,-0.1071599288564149,0.007436938910542471,2
AAPL,2018-11-08,Naive,-0.08192251124376682,0.007436938910542471,2
AAPL,2018-11-09,Naive,-0.05350387555780667,0.007436938910542471,2
AAPL,2018-11-12,Naive,-0.04279714607239371,0.007436938910542471,2
AAPL,2018-11-13,Naive,-0.07933197946767301,0.007436938910542471,2
AAPL,2018-11-14,Naive,-0.05364008305914714,0.007436938910542471,2
AAPL,2018-11-15,Naive,-0.0998902739804568,0.007436938910542471,2
AAPL,2018-11-16,Naive,-0.09771111755965622,0.007436938910542471,2
AAPL,2018-11-19,Naive,-0.06252039469850823,0.007436938910542471,2
AAPL,2018-11-20,Naive,0.0223755645967203,0.007436938910542471,2
AAPL,2018-11-21,Naive,0.015669163107030926,0.007436938910542471,2
AAPL,2018-11-23,Naive,0.036508211216359054,0.007436938910542471,2
AAPL,2018-11-26,Naive,0.058412733518097504,0.007436938910542471,2
AAPL,2018-11-27,Naive,0.014061335635253691,0.007436938910542471,2
AAPL,2018-11-28,Naive,-0.034376128058413946,0.007436938910542471,2
AAPL,2018-11-29,Naive,-0.06159822384719771,0.007436938910542471,2
AAPL,2018-11-30,Naive,-0.05028560697970974,0.007436938910542471,2
AAPL,2018-12-03,Naive,-0.08759867071244554,0.007436938910542471,2
AAPL,2018-12-04,Naive,-0.04295677046876056,0.007436938910542471,2
AAPL,2018-12-06,Naive,-0.02157721052826922,0.007436938910542471,2
AAPL,2018-12-07,Naive,-0.017865033899727933,0.007436938910542471,2
AAPL,2018-12-10,Naive,-0.03337236034008528,0.007436938910542471,2
AAPL,2018-12-11,Naive,-0.015181261732506113,0.007436938910542471,2
AAPL,2018-12-12,Naive,-0.048551006462397295,0.007436938910542471,2
AAPL,2018-12-13,Naive,-0.08259736240267901,0.007436938910542471,2
AAPL,2018-12-14,Naive,-0.08913439779736287,0.007436938910542471,2
AAPL,2018-12-17,Naive,-0.10436745280588144,0.007436938910542471,2
AAPL,2018-12-18,Naive,-0.053591736939699985,0.007436938910542471,2
AAPL,2018-12-19,Naive,-0.029461313641716336,0.007436938910542471,2
AAPL,2018-12-20,Naive,-0.0038259304260995775,0.007436938910542471,2
AAPL,2018-12-21,Naive,0.04650720120456353,0.007436938910542471,2
AAPL,2018-12-24,Naive,0.07552942666933493,0.007436938910542471,2
AAPL,2018-12-26,Naive,-0.0953108017236366,0.007436938910542471,2
AAPL,2018-12-27,Naive,-0.05052831000259994,0.007436938910542471,2
AAPL,2018-12-28,Naive,-0.05312664605177264,0.007436938910542471,2
AAPL,2018-12-31,Naive,-0.04431349838141185,0.007436938910542471,2
AAPL,2019-01-02,Naive,-0.029192069504937135,0.007436938910542471,2
AAPL,2019-01-03,Naive,0.08165153614096177,0.007436938910542471,2
AAPL,2019-01-04,Naive,0.027181714056486506,0.007436938910542471,2
AAPL,2019-01-07,Naive,0.013993194851757318,0.007436938910542471,2
AAPL,2019-01-08,Naive,0.015389684860243502,0.007436938910542471,2
AAPL,2019-01-09,Naive,0.010631887454437772,0.007436938910542471,2
AAPL,2019-01-10,Naive,0.01339351993145721,0.007436938910542471,2
AAPL,2019-01-11,Naive,0.029746025644371565,0.007436938910542471,2
AAPL,2019-01-14,Naive,0.022000326121471625,0.007436938910542471,2
AAPL,2019-01-15,Naive,0.005553135922841346,0.007436938910542471,2
AAPL,2019-01-16,Naive,-0.01445703150517863,0.007436938910542471,2
AAPL,2019-01-17,Naive,0.012190780689839809,0.007436938910542471,2
AAPL,2019-01-18,Naive,-0.0033155805298095142,0.007436938910542471,2
AAPL,2019-01-22,Naive,0.009001381372050865,0.007436938910542471,2
AAPL,2019-01-23,Naive,0.07360908250844966,0.007436938910542471,2
AAPL,2019-01-24,Naive,0.08998016643502393,0.007436938910542471,2
AAPL,2019-01-25,Naive,0.055527165556804814,0.007436938910542471,2
AAPL,2019-01-28,Naive,0.0956491023392827,0.007436938910542471,2
AAPL,2019-01-29,Naive,0.12606691652152602,0.007436938910542471,2
AAPL,2019-01-30,Naive,0.0544027053631968,0.007436938910542471,2
AAPL,2019-01-31,Naive,0.027037222914509274,0.007436938910542471,2
AAPL,2019-02-01,Naive,0.02774956596760858,0.007436938910542471,2
AAPL,2019-02-04,Naive,-0.006384552738805449,0.007436938910542471,2
AAPL,2019-02-05,Naive,-0.0146807184626786,0.007436938910542471,2
AAPL,2019-02-06,Naive,-0.019112470829264816,0.007436938910542471,2
AAPL,2019-02-07,Naive,0.0034659739802020972,0.007436938910542471,2
AAPL,2019-02-08,Naive,5.876563765361276e-05,0.007436938910542471,2
AAPL,2019-02-11,Naive,0.008853065776533997,0.007436938910542471,2
AAPL,2019-02-12,Naive,0.00667090153463179,0.007436938910542471,2
AAPL,2019-02-13,Naive,0.005171305070750698,0.007436938910542471,2
AAPL,2019-02-14,Naive,0.012704826644609923,0.007436938910542471,2
AAPL,2019-02-15,Naive,0.022356613688561566,0.007436938910542471,2
AAPL,2019-02-19,Naive,0.019891322749199913,0.007436938910542471,2
AAPL,2019-02-20,Naive,0.016508619649864054,0.007436938910542471,2
AAPL,2019-02-21,Naive,0.012217925475141334,0.007436938910542471,2
AAPL,2019-02-22,Naive,0.011562968783087602,0.007436938910542471,2
AAPL,2019-02-25,Naive,0.009297877969765889,0.007436938910542471,2
AAPL,2019-02-26,Naive,0.006883749503796777,0.007436938910542471,2
AAPL,2019-02-27,Naive,-0.0020013159463245778,0.007436938910542471,2
AAPL,2019-02-28,Naive,-0.003754323565669959,0.007436938910542471,2
AAPL,2019-03-01,Naive,-0.011773558449250654,0.007436938910542471,2
AAPL,2019-03-04,Naive,0.017344081535251687,0.007436938910542471,2
AAPL,2019-03-05,Naive,0.03065007773153705,0.007436938910542471,2
AAPL,2019-03-06,Naive,0.04119885673647672,0.007436938910542471,2
AAPL,2019-03-07,Naive,0.06510173833072797,0.007436938910542471,2
AAPL,2019-03-08,Naive,0.07639812648757194,0.007436938910542471,2
AAPL,2019-03-11,Naive,0.05097823316346828,0.007436938910542471,2
AAPL,2019-03-12,Naive,0.03106497909578465,0.007436938910542471,2
AAPL,2019-03-13,Naive,0.03549582504240911,0.007436938910542471,2
AAPL,2019-03-14,Naive,0.06182972694518818,0.007436938910542471,2
AAPL,2019-03-15,Naive,0.02648841742966246,0.007436938910542471,2
AAPL,2019-03-18,Naive,0.0038293844581496206,0.007436938910542471,2
AAPL,2019-03-19,Naive,0.0013937167897046798,0.007436938910542471,2
AAPL,2019-03-20,Naive,0.001647583099142258,0.007436938910542471,2
AAPL,2019-03-21,Naive,-0.03265132307854046,0.007436938910542471,2
AAPL,2019-03-22,Naive,-0.00575789274963423,0.007436938910542471,2
AAPL,2019-03-25,Naive,0.01324585449976956,0.007436938910542471,2
AAPL,2019-03-26,Naive,0.038706842259034646,0.007436938910542471,2
AAPL,2019-03-27,Naive,0.03650465330398611,0.007436938910542471,2
AAPL,2019-03-28,Naive,0.0369332704488754,0.007436938910542471,2
AAPL,2019-03-29,Naive,0.03711512581465781,0.007436938910542471,2
AAPL,2019-04-01,Naive,0.046329232621238337,0.007436938910542471,2
AAPL,2019-04-02,Naive,0.028244380024003757,0.007436938910542471,2
AAPL,2019-04-03,Naive,0.026977034120734933,0.007436938910542471,2
AAPL,2019-04-04,Naive,0.016658583897141588,0.007436938910542471,2
AAPL,2019-04-05,Naive,0.009492494373922078,0.007436938910542471,2
AAPL,2019-04-08,Naive,-0.00434785742025634,0.007436938910542471,2
AAPL,2019-04-09,Naive,-0.0012533928990786647,0.007436938910542471,2
AAPL,2019-04-10,Naive,0.012511476807105959,0.007436938910542471,2
AAPL,2019-04-11,Naive,0.024679789554017617,0.007436938910542471,2
AAPL,2019-04-12,Naive,0.028460836951495816,0.007436938910542471,2
AAPL,2019-04-15,Naive,0.041409498613174334,0.007436938910542471,2
AAPL,2019-04-16,Naive,0.039699171671063516,0.007436938910542471,2
AAPL,2019-04-17,Naive,0.010584135321318522,0.007436938910542471,2
AAPL,2019-04-18,Naive,0.002158118618555749,0.007436938910542471,2
AAPL,2019-04-22,Naive,0.00039122803141800055,0.007436938910542471,2
AAPL,2019-04-23,Naive,-0.032822423029839065,0.007436938910542471,2
AAPL,2019-04-24,Naive,0.016219492302348426,0.007436938910542471,2
AAPL,2019-04-25,Naive,0.01885224021093146,0.007436938910542471,2
AAPL,2019-04-26,Naive,0.03646611443544878,0.007436938910542471,2
AAPL,2019-04-29,Naive,0.018913810633857997,0.007436938910542471,2
AAPL,2019-04-30,Naive,0.010913743784446206,0.007436938910542471,2
AAPL,2019-05-01,Naive,-0.03619637019460564,0.007436938910542471,2
AAPL,2019-05-02,Naive,-0.04030599229158671,0.007436938910542471,2
AAPL,2019-05-03,Naive,-0.06522177185179179,0.007436938910542471,2
AAPL,2019-05-06,Naive,-0.1057405105162712,0.007436938910542471,2
AAPL,2019-05-07,Naive,-0.0664180023409432,0.007436938910542471,2
AAPL,2019-05-08,Naive,-0.0554202729167983,0.007436938910542471,2
AAPL,2019-05-09,Naive,-0.04936216512222058,0.007436938910542471,2
AAPL,2019-05-10,Naive,-0.041484830332858436,0.007436938910542471,2
AAPL,2019-05-13,Naive,-0.014161258989423664,0.007436938910542471,2
AAPL,2019-05-14,Naive,-0.01091887263839264,0.007436938910542471,2
AAPL,2019-05-15,Naive,-0.04263555392586926,0.007436938910542471,2
AAPL,2019-05-16,Naive,-0.054819058680915855,0.007436938910542471,2
AAPL,2019-05-17,Naive,-0.053068744466841955,0.007436938910542471,2
AAPL,2019-05-20,Naive,-0.02654425659910087,0.007436938910542471,2
AAPL,2019-05-21,Naive,-0.04941068371056745,0.007436938910542471,2
AAPL,2019-05-22,Naive,-0.024510407922300637,0.007436938910542471,2
AAPL,2019-05-23,Naive,-0.025548087900177263,0.007436938910542471,2
AAPL,2019-05-24,Naive,-0.03168125129317423,0.007436938910542471,2
AAPL,2019-05-28,Naive,0.00791126345761084,0.007436938910542471,2
AAPL,2019-05-29,Naive,0.029090165006119273,0.007436938910542471,2
AAPL,2019-05-30,Naive,0.038811119261370486,0.007436938910542471,2
AAPL,2019-05-31,Naive,0.08613677021825095,0.007436938910542471,2
AAPL,2019-06-03,Naive,0.11125207886502642,0.007436938910542471,2
AAPL,2019-06-04,Naive,0.08444642406220049,0.007436938910542471,2
AAPL,2019-06-05,Naive,0.06382182831375482,0.007436938910542471,2
AAPL,2019-06-06,Naive,0.04821276888006332,0.007436938910542471,2
AAPL,2019-06-07,Naive,0.013620648017659054,0.007436938910542471,2
AAPL,2019-06-10,Naive,0.00680234107350719,0.007436938910542471,2
AAPL,2019-06-11,Naive,0.01868478606145274,0.007436938910542471,2
AAPL,2019-06-12,Naive,0.018950498903690827,0.007436938910542471,2
AAPL,2019-06-13,Naive,0.02735024662592167,0.007436938910542471,2
AAPL,2019-06-14,Naive,0.0313376884032599,0.007436938910542471,2
AAPL,2019-06-17,Naive,0.02418897157088895,0.007436938910542471,2
AAPL,2019-06-18,Naive,-0.014512231678380894,0.007436938910542471,2
AAPL,2019-06-19,Naive,0.009753942801359106,0.007436938910542471,2
AAPL,2019-06-20,Naive,0.0014038389148660624,0.007436938910542471,2
AAPL,2019-06-21,Naive,-0.004326455349850211,0.007436938910542471,2
AAPL,2019-06-24,Naive,0.014956379603985548,0.007436938910542471,2
AAPL,2019-06-25,Naive,0.03661068623541497,0.007436938910542471,2
AAPL,2019-06-26,Naive,0.023072914615412943,0.007436938910542471,2
AAPL,2019-06-27,Naive,0.022479079615767672,0.007436938910542471,2
AAPL,2019-06-28,Naive,0.010610273595171194,0.007436938910542471,2
AAPL,2019-07-01,Naive,-0.0015380850674604485,0.007436938910542471,2
AAPL,2019-07-02,Naive,0.002466437530287191,0.007436938910542471,2
AAPL,2019-07-03,Naive,-0.01301324038938756,0.007436938910542471,2
AAPL,2019-07-05,Naive,-0.004553470987067598,0.007436938910542471,2
AAPL,2019-07-08,Naive,0.025947589799489856,0.007436938910542471,2
AAPL,2019-07-09,Naive,0.016199359008525427,0.007436938910542471,2
AAPL,2019-07-10,Naive,0.0005903723673374994,0.007436938910542471,2
AAPL,2019-07-11,Naive,0.019380507008076142,0.007436938910542471,2
AAPL,2019-07-12,Naive,-0.003492572170076369,0.007436938910542471,2
AAPL,2019-07-15,Naive,0.009794742707164295,0.007436938910542471,2
AAPL,2019-07-16,Naive,0.02122249176547153,0.007436938910542471,2
AAPL,2019-07-17,Naive,0.02616223235518489,0.007436938910542471,2
AAPL,2019-07-18,Naive,0.006613097439364113,0.007436938910542471,2
AAPL,2019-07-19,Naive,0.02542090452144108,0.007436938910542471,2
AAPL,2019-07-22,Naive,0.011871562760709109,0.007436938910542471,2
AAPL,2019-07-23,Naive,-0.0002873713440021408,0.007436938910542471,2
AAPL,2019-07-24,Naive,0.020941876946212412,0.007436938910542471,2
AAPL,2019-07-25,Naive,0.006810744779490507,0.007436938910542471,2
AAPL,2019-07-26,Naive,-0.01790713659303944,0.007436938910542471,2
AAPL,2019-07-29,Naive,-0.07792843661043891,0.007436938910542471,2
AAPL,2019-07-30,Naive,-0.05642285271134817,0.007436938910542471,2
AAPL,2019-07-31,Naive,-0.06571546969252773,0.007436938910542471,2
AAPL,2019-08-01,Naive,-0.02398902471430331,0.007436938910542471,2
AAPL,2019-08-02,Naive,-0.011108392908009024,0.007436938910542471,2
AAPL,2019-08-05,Naive,0.04086949752163349,0.007436938910542471,2
AAPL,2019-08-06,Naive,0.06479176330229519,0.007436938910542471,2
AAPL,2019-08-07,Naive,0.02251002635737942,0.007436938910542471,2
AAPL,2019-08-08,Naive,-0.004539366321566041,0.007436938910542471,2
AAPL,2019-08-09,Naive,0.027414235972553547,0.007436938910542471,2
AAPL,2019-08-12,Naive,0.04923226961267346,0.007436938910542471,2
AAPL,2019-08-13,Naive,0.00665172424970728,0.007436938910542471,2
AAPL,2019-08-14,Naive,0.04877923681076579,0.007436938910542471,2
AAPL,2019-08-15,Naive,0.0531377164405773,0.007436938910542471,2
AAPL,2019-08-16,Naive,-0.01869255454901908,0.007436938910542471,2
AAPL,2019-08-19,Naive,-0.018350649598043556,0.007436938910542471,2
AAPL,2019-08-20,Naive,-0.029473545444876903,0.007436938910542471,2
AAPL,2019-08-21,Naive,-0.03343687426674913,0.007436938910542471,2
AAPL,2019-08-22,Naive,-0.016238457220081215,0.007436938910542471,2
AAPL,2019-08-23,Naive,0.030102761208212758,0.007436938910542471,2
AAPL,2019-08-26,Naive,-0.00382580092359186,0.007436938910542471,2
AAPL,2019-08-27,Naive,0.024637787827490154,0.007436938910542471,2
AAPL,2019-08-28,Naive,0.03770714793342167,0.007436938910542471,2
AAPL,2019-08-29,Naive,0.020333947505580374,0.007436938910542471,2
AAPL,2019-08-30,Naive,0.026013249549172945,0.007436938910542471,2
AAPL,2019-09-03,Naive,0.0534759515372063,0.007436938910542471,2
AAPL,2019-09-04,Naive,0.06883694711444543,0.007436938910542471,2
AAPL,2019-09-05,Naive,0.04599600568282125,0.007436938910542471,2
AAPL,2019-09-06,Naive,0.02574307507246787,0.007436938910542471,2
AAPL,2019-09-09,Naive,0.026754485901769876,0.007436938910542471,2
AAPL,2019-09-10,Naive,0.01845857039489096,0.007436938910542471,2
AAPL,2019-09-11,Naive,-0.0036675449544677496,0.007436938910542471,2
AAPL,2019-09-12,Naive,-0.009547467666257803,0.007436938910542471,2
AAPL,2019-09-13,Naive,-0.004662914218166669,0.007436938910542471,2
AAPL,2019-09-16,Naive,-0.005366325682669371,0.007436938910542471,2
AAPL,2019-09-17,Naive,-0.01368372811020302,0.007436938910542471,2
AAPL,2019-09-18,Naive,-0.00781063134092741,0.007436938910542471,2
AAPL,2019-09-19,Naive,-0.0048425264960147985,0.005420818054328781,3
AAPL,2019-09-20,Naive,0.0050063120238685865,0.005420818054328781,3
AAPL,2019-09-23,Naive,0.024003402355840642,0.005420818054328781,3
AAPL,2019-09-24,Naive,0.031743920332925946,0.005420818054328781,3
AAPL,2019-09-25,Naive,-0.009365234356031427,0.005420818054328781,3
AAPL,2019-09-26,Naive,0.004229301831834453,0.005420818054328781,3
AAPL,2019-09-27,Naive,0.03742806452656011,0.005420818054328781,3
AAPL,2019-09-30,Naive,0.013796466199694324,0.005420818054328781,3
AAPL,2019-10-01,Naive,-0.000845986551723743,0.005420818054328781,3
AAPL,2019-10-02,Naive,0.03685577162164999,0.005420818054328781,3
AAPL,2019-10-03,Naive,0.04197981370820392,0.005420818054328781,3
AAPL,2019-10-04,Naive,0.040527004811393263,0.005420818054328781,3
AAPL,2019-10-07,Naive,0.03880046561287043,0.005420818054328781,3
AAPL,2019-10-08,Naive,0.048663199405855284,0.005420818054328781,3
AAPL,2019-10-09,Naive,0.032330712899044656,0.005420818054328781,3
AAPL,2019-10-10,Naive,0.022556517760947914,0.005420818054328781,3
AAPL,2019-10-11,Naive,0.0008465097712135883,0.005420818054328781,3
AAPL,2019-10-14,Naive,0.019671651072029617,0.005420818054328781,3
AAPL,2019-10-15,Naive,0.019717830958184468,0.005420818054328781,3
AAPL,2019-10-16,Naive,0.037590004530036136,0.005420818054328781,3
AAPL,2019-10-17,Naive,0.035276956344378,0.005420818054328781,3
AAPL,2019-10-18,Naive,0.04301858594038488,0.005420818054328781,3
AAPL,2019-10-21,Naive,0.03550803092201171,0.005420818054328781,3
AAPL,2019-10-22,Naive,0.013877191296770564,0.005420818054328781,3
AAPL,2019-10-23,Naive,0.000329029726515051,0.005420818054328781,3
AAPL,2019-10-24,Naive,0.021266096762839082,0.005420818054328781,3
AAPL,2019-10-25,Naive,0.037472794224285844,0.005420818054328781,3
AAPL,2019-10-28,Naive,0.033928883135343924,0.005420818054328781,3
AAPL,2019-10-29,Naive,0.05688692495671677,0.005420818054328781,3
AAPL,2019-10-30,Naive,0.057469292870410804,0.005420818054328781,3
AAPL,2019-10-31,Naive,0.04602382645519554,0.005420818054328781,3
AAPL,2019-11-01,Naive,0.019939673222496346,0.005420818054328781,3
AAPL,2019-11-04,Naive,0.02130939743284399,0.005420818054328781,3
AAPL,2019-11-05,Naive,0.021842571292717716,0.005420818054328781,3
AAPL,2019-11-06,Naive,0.031192799262391047,0.005420818054328781,3
AAPL,2019-11-07,Naive,0.012373514220420878,0.005420818054328781,3
AAPL,2019-11-08,Naive,0.021603950229063917,0.005420818054328781,3
AAPL,2019-11-11,Naive,0.01868830458511872,0.005420818054328781,3
AAPL,2019-11-12,Naive,0.016529439773923515,0.005420818054328781,3
AAPL,2019-11-13,Naive,-0.00483961956571588,0.005420818054328781,3
AAPL,2019-11-14,Naive,-0.0023988834586415875,0.005420818054328781,3
AAPL,2019-11-15,Naive,-0.01497600944136479,0.005420818054328781,3
AAPL,2019-11-18,Naive,-0.0027328732169759062,0.005420818054328781,3
AAPL,2019-11-19,Naive,-0.007510580395287181,0.005420818054328781,3
AAPL,2019-11-20,Naive,0.0176674286228522,0.005420818054328781,3
AAPL,2019-11-21,Naive,0.019999477223271445,0.005420818054328781,3
AAPL,2019-11-22,Naive,0.009091710130884723,0.005420818054328781,3
AAPL,2019-11-25,Naive,-0.02597922243083295,0.005420818054328781,3
AAPL,2019-11-26,Naive,-0.009648461503209083,0.005420818054328781,3
AAPL,2019-11-27,Naive,-0.008437707200420697,0.005420818054328781,3
AAPL,2019-11-29,Naive,0.012946513473454768,0.005420818054328781,3
AAPL,2019-12-02,Naive,0.010448033407204571,0.005420818054328781,3
AAPL,2019-12-03,Naive,0.034804420551312054,0.005420818054328781,3
AAPL,2019-12-04,Naive,0.034499793126619105,0.005420818054328781,3
AAPL,2019-12-05,Naive,0.022140216996809903,0.005420818054328781,3
AAPL,2019-12-06,Naive,0.01640111328740579,0.005420818054328781,3
AAPL,2019-12-09,Naive,0.04847867587551735,0.005420818054328781,3
AAPL,2019-12-10,Naive,0.0444354874519699,0.005420818054328781,3
AAPL,2019-12-11,Naive,0.0331276426849334,0.005420818054328781,3
AAPL,2019-12-12,Naive,0.03153308781876296,0.005420818054328781,3
AAPL,2019-12-13,Naive,0.015591515499731479,0.005420818054328781,3
AAPL,2019-12-16,Naive,0.014793230912644395,0.005420818054328781,3
AAPL,2019-12-17,Naive,0.013765101250162948,0.005420818054328781,3
AAPL,2019-12-18,Naive,0.03635577651961652,0.005420818054328781,3
AAPL,2019-12-19,Naive,0.03492612423773589,0.005420818054328781,3
AAPL,2019-12-20,Naive,0.043229363102913254,0.005420818054328781,3
AAPL,2019-12-23,Naive,0.033978928471348535,0.005420818054328781,3
AAPL,2019-12-24,Naive,0.05656616873515996,0.005420818054328781,3
AAPL,2019-12-26,Naive,0.025938835305041597,0.005420818054328781,3
AAPL,2019-12-27,Naive,0.034506753090824516,0.005420818054328781,3
AAPL,2019-12-30,Naive,0.023566160935842184,0.005420818054328781,3
AAPL,2019-12-31,Naive,0.032487739787979475,0.005420818054328781,3
AAPL,2020-01-02,Naive,0.03089759864453656,0.005420818054328781,3
AAPL,2020-01-03,Naive,0.043371366815333934,0.005420818054328781,3
AAPL,2020-01-06,Naive,0.057238116087792834,0.005420818054328781,3
AAPL,2020-01-07,Naive,0.04789054973037277,0.005420818054328781,3
AAPL,2020-01-08,Naive,0.02688074381739125,0.005420818054328781,3
AAPL,2020-01-09,Naive,0.0181179362653745,0.005420818054328781,3
AAPL,2020-01-10,Naive,0.027068102438458697,0.005420818054328781,3
AAPL,2020-01-13,Naive,-0.0012308134302312368,0.005420818054328781,3
AAPL,2020-01-14,Naive,0.01605450606414438,0.005420818054328781,3
AAPL,2020-01-15,Naive,0.025342205574887977,0.005420818054328781,3
AAPL,2020-01-16,Naive,0.009738703698134676,0.005420818054328781,3
AAPL,2020-01-17,Naive,-0.03068431474270239,0.005420818054328781,3
AAPL,2020-01-21,Naive,0.0035382419483638294,0.005420818054328781,3
AAPL,2020-01-22,Naive,0.02090004380248711,0.005420818054328781,3
AAPL,2020-01-23,Naive,0.014534920966783105,0.005420818054328781,3
AAPL,2020-01-24,Naive,-0.02764568192917838,0.005420818054328781,3
AAPL,2020-01-27,Naive,-0.0009383198624960398,0.005420818054328781,3
AAPL,2020-01-28,Naive,0.003651220240519004,0.005420818054328781,3
AAPL,2020-01-29,Naive,-0.008910007109900975,0.005420818054328781,3
AAPL,2020-01-30,Naive,0.004137518777088678,0.005420818054328781,3
AAPL,2020-01-31,Naive,0.03644312718430731,0.005420818054328781,3
AAPL,2020-02-03,Naive,0.044233363592257824,0.005420818054328781,3
AAPL,2020-02-04,Naive,0.004762611264161443,0.005420818054328781,3
AAPL,2020-02-05,Naive,0.02030330077578446,0.005420818054328781,3
AAPL,2020-02-06,Naive,0.0013251646048066945,0.005420818054328781,3
AAPL,2020-02-07,Naive,0.015373283826650708,0.005420818054328781,3
AAPL,2020-02-10,Naive,-0.007930667283132409,0.005420818054328781,3
AAPL,2020-02-11,Naive,0.012546537845568695,0.005420818054328781,3
AAPL,2020-02-12,Naive,-0.021087977457279194,0.005420818054328781,3
AAPL,2020-02-13,Naive,-0.036383770067682675,0.005420818054328781,3
AAPL,2020-02-14,Naive,-0.08238161153163259,0.005420818054328781,3
AAPL,2020-02-18,Naive,-0.09692771022213897,0.005420818054328781,3
AAPL,2020-02-19,Naive,-0.09569868342163756,0.005420818054328781,3
AAPL,2020-02-20,Naive,-0.1460508868445718,0.005420818054328781,3
AAPL,2020-02-21,Naive,-0.126784802370555,0.005420818054328781,3
AAPL,2020-02-24,Naive,0.0021122016002066424,0.005420818054328781,3
AAPL,2020-02-25,Naive,0.004304433537995811,0.005420818054328781,3
AAPL,2020-02-26,Naive,0.03447804752984518,0.005420818054328781,3
AAPL,2020-02-27,Naive,0.07092740971142542,0.005420818054328781,3
AAPL,2020-02-28,Naive,0.05732321560898668,0.005420818054328781,3
AAPL,2020-03-02,Naive,-0.10923279226910765,0.005420818054328781,3
AAPL,2020-03-03,Naive,-0.013756543993170722,0.005420818054328781,3
AAPL,2020-03-04,Naive,-0.09020946389721918,0.005420818054328781,3
AAPL,2020-03-05,Naive,-0.15256715043089553,0.005420818054328781,3
AAPL,2020-03-06,Naive,-0.03826544208555116,0.005420818054328781,3
AAPL,2020-03-09,Naive,-0.09001784141144542,0.005420818054328781,3
AAPL,2020-03-10,Naive,-0.11382902339067646,0.005420818054328781,3
AAPL,2020-03-11,Naive,-0.10441851079927544,0.005420818054328781,3
AAPL,2020-03-12,Naive,-0.01389843629291354,0.005420818054328781,3
AAPL,2020-03-13,Naive,-0.1753067940016867,0.005420818054328781,3
AAPL,2020-03-16,Naive,-0.07365505538204109,0.005420818054328781,3
AAPL,2020-03-17,Naive,-0.023649628279527768,0.005420818054328781,3
AAPL,2020-03-18,Naive,-0.004661962216113813,0.005420818054328781,3
AAPL,2020-03-19,Naive,0.055805095297273954,0.005420818054328781,3
AAPL,2020-03-20,Naive,0.08070165707052968,0.005420818054328781,3
AAPL,2020-03-23,Naive,0.1356686360334558,0.005420818054328781,3
AAPL,2020-03-24,Naive,0.030014707508414284,0.005420818054328781,3
AAPL,2020-03-25,Naive,-0.018776676503007295,0.005420818054328781,3
AAPL,2020-03-26,Naive,-0.05227521827493797,0.005420818054328781,3
AAPL,2020-03-27,Naive,-0.025551046871909677,0.005420818054328781,3
AAPL,2020-03-30,Naive,0.03006142592764549,0.005420818054328781,3
AAPL,2020-03-31,Naive,0.02021310174904145,0.005420818054328781,3
AAPL,2020-04-01,Naive,0.10443747516370383,0.005420818054328781,3
AAPL,2020-04-02,Naive,0.09414945481266823,0.005420818054328781,3
AAPL,2020-04-03,Naive,0.13189140885726158,0.005420818054328781,3
AAPL,2020-04-06,Naive,0.0936490667463672,0.005420818054328781,3
AAPL,2020-04-07,Naive,0.09636494674888962,0.005420818054328781,3
AAPL,2020-04-08,Naive,0.07749850502821731,0.005420818054328781,3
AAPL,2020-04-09,Naive,0.055263378740116664,0.005420818054328781,3
AAPL,2020-04-13,Naive,0.013467822482472691,0.005420818054328781,3
AAPL,2020-04-14,Naive,-0.06507576868712461,0.005420818054328781,3
AAPL,2020-04-15,Naive,-0.02928638146895879,0.005420818054328781,3
AAPL,2020-04-16,Naive,-0.04067089090409781,0.005420818054328781,3
AAPL,2020-04-17,Naive,0.0006010894550632084,0.005420818054328781,3
AAPL,2020-04-20,Naive,0.02253274696174401,0.005420818054328781,3
AAPL,2020-04-21,Naive,0.038044647948514365,0.005420818054328781,3
AAPL,2020-04-22,Naive,0.04212258548574521,0.005420818054328781,3
AAPL,2020-04-23,Naive,0.06824658525549876,0.005420818054328781,3
AAPL,2020-04-24,Naive,0.02155713844486029,0.005420818054328781,3
AAPL,2020-04-27,Naive,0.03527898223986714,0.005420818054328781,3
AAPL,2020-04-28,Naive,0.06813097548751434,0.005420818054328781,3
AAPL,2020-04-29,Naive,0.04483354809119455,0.005420818054328781,3
AAPL,2020-04-30,Naive,0.03383266309108435,0.005420818054328781,3
AAPL,2020-05-01,Naive,0.07575853903195573,0.005420818054328781,3
AAPL,2020-05-04,Naive,0.07744171284461898,0.005420818054328781,3
AAPL,2020-05-05,Naive,0.04937848229408304,0.005420818054328781,3
AAPL,2020-05-06,Naive,0.026121120231142214,0.005420818054328781,3
AAPL,2020-05-07,Naive,0.021854160218644614,0.005420818054328781,3
AAPL,2020-05-08,Naive,-0.007803186334145229,0.005420818054328781,3
AAPL,2020-05-11,Naive,-0.00015872734517652365,0.005420818054328781,3
AAPL,2020-05-12,Naive,0.005555454817217864,0.005420818054328781,3
AAPL,2020-05-13,Naive,0.03764019159244203,0.005420818054328781,3
AAPL,2020-05-14,Naive,0.023615711779962245,0.005420818054328781,3
AAPL,2020-05-15,Naive,0.03633259727969418,0.005420818054328781,3
AAPL,2020-05-18,Naive,0.005619739882204655,0.005420818054328781,3
AAPL,2020-05-19,Naive,0.015871312862669296,0.005420818054328781,3
AAPL,2020-05-20,Naive,-0.0030699299932239743,0.005420818054328781,3
AAPL,2020-05-21,Naive,0.0034400620071375343,0.005420818054328781,3
AAPL,2020-05-22,Naive,0.009282329849755744,0.005420818054328781,3
AAPL,2020-05-26,Naive,0.02086930539232279,0.005420818054328781,3
AAPL,2020-05-27,Naive,0.022036514479204294,0.005420818054328781,3
AAPL,2020-05-28,Naive,0.012788669898833094,0.005420818054328781,3
AAPL,2020-05-29,Naive,0.04264945864770131,0.005420818054328781,3
AAPL,2020-06-01,Naive,0.0360725277066869,0.005420818054328781,3
AAPL,2020-06-02,Naive,0.06386518203597902,0.005420818054328781,3
AAPL,2020-06-03,Naive,0.08526065964432927,0.005420818054328781,3
AAPL,2020-06-04,Naive,0.042131951377062604,0.005420818054328781,3
AAPL,2020-06-05,Naive,0.022020950473725653,0.005420818054328781,3
AAPL,2020-06-08,Naive,0.028579358974492486,0.005420818054328781,3
AAPL,2020-06-09,Naive,0.02351744026892799,0.005420818054328781,3
AAPL,2020-06-10,Naive,-0.0035426428738107862,0.005420818054328781,3
AAPL,2020-06-11,Naive,0.04712731991037833,0.005420818054328781,3
AAPL,2020-06-12,Naive,0.032231584794773394,0.005420818054328781,3
AAPL,2020-06-15,Naive,0.0462989175572055,0.005420818054328781,3
AAPL,2020-06-16,Naive,0.04104231112982748,0.005420818054328781,3
AAPL,2020-06-17,Naive,0.024090630211302644,0.005420818054328781,3
AAPL,2020-06-18,Naive,0.0372729812546273,0.005420818054328781,3
AAPL,2020-06-19,Naive,0.01118025958581148,0.005420818054328781,3
AAPL,2020-06-22,Naive,0.008108634820558125,0.005420818054328781,3
AAPL,2020-06-23,Naive,-0.004720092945603271,0.005420818054328781,3
AAPL,2020-06-24,Naive,0.011248020149745797,0.005420818054328781,3
AAPL,2020-06-25,Naive,-0.0020010778825945152,0.005420818054328781,3
AAPL,2020-06-26,Naive,0.05717859337343589,0.005420818054328781,3
AAPL,2020-06-29,Naive,0.03015643604328999,0.005420818054328781,3
AAPL,2020-06-30,Naive,0.045422097567130226,0.005420818054328781,3
AAPL,2020-07-01,Naive,0.05190751719527542,0.005420818054328781,3
AAPL,2020-07-02,Naive,0.05374747316871664,0.005420818054328781,3
AAPL,2020-07-06,Naive,0.021559497822904117,0.005420818054328781,3
AAPL,2020-07-07,Naive,0.041696676693380175,0.005420818054328781,3
AAPL,2020-07-08,Naive,0.024988713120358552,0.005420818054328781,3
AAPL,2020-07-09,Naive,0.008041595727358075,0.005420818054328781,3
AAPL,2020-07-10,Naive,0.004248145362411249,0.005420818054328781,3
AAPL,2020-07-13,Naive,0.030164100278382122,0.005420818054328781,3
AAPL,2020-07-14,Naive,-0.0005923594889164496,0.005420818054328781,3
AAPL,2020-07-15,Naive,-0.004630244978090725,0.005420818054328781,3
AAPL,2020-07-16,Naive,-0.03809996697410756,0.005420818054328781,3
AAPL,2020-07-17,Naive,-0.03853988389861207,0.005420818054328781,3
AAPL,2020-07-20,Naive,-0.03606759252814962,0.005420818054328781,3
AAPL,2020-07-21,Naive,-0.03863391673725258,0.005420818054328781,3
AAPL,2020-07-22,Naive,-0.0229508273810769,0.005420818054328781,3
AAPL,2020-07-23,Naive,0.03602786848525397,0.005420818054328781,3
AAPL,2020-07-24,Naive,0.14732999415843095,0.005420818054328781,3
AAPL,2020-07-27,Naive,0.1490088329165744,0.005420818054328781,3
AAPL,2020-07-28,Naive,0.1760006616909604,0.005420818054328781,3
AAPL,2020-07-29,Naive,0.1580650014359919,0.005420818054328781,3
AAPL,2020-07-30,Naive,0.18414037804583883,0.005420818054328781,3
AAPL,2020-07-31,Naive,0.047551659997069784,0.005420818054328781,3
AAPL,2020-08-03,Naive,0.036656193020500494,0.005420818054328781,3
AAPL,2020-08-04,Naive,-0.0008462943733721362,0.005420818054328781,3
AAPL,2020-08-05,Naive,0.028631395751522515,0.005420818054328781,3
AAPL,2020-08-06,Naive,0.011543949298434608,0.005420818054328781,3
AAPL,2020-08-07,Naive,0.03415437242977304,0.005420818054328781,3
AAPL,2020-08-10,Naive,0.016677285115727747,0.005420818054328781,3
AAPL,2020-08-11,Naive,0.056571537933512994,0.005420818054328781,3
AAPL,2020-08-12,Naive,0.02386957960686442,0.005420818054328781,3
AAPL,2020-08-13,Naive,0.028388794139864837,0.005420818054328781,3
AAPL,2020-08-14,Naive,0.0823489707997207,0.005420818054328781,3
AAPL,2020-08-17,Naive,0.09816106715200057,0.005420818054328781,3
AAPL,2020-08-18,Naive,0.08015129085456985,0.005420818054328781,3
AAPL,2020-08-19,Naive,0.09346864285074741,0.005420818054328781,3
AAPL,2020-08-20,Naive,0.05694358489940621,0.005420818054328781,3
AAPL,2020-08-21,Naive,0.0035179043653106312,0.005420818054328781,3
AAPL,2020-08-24,Naive,0.02528673269375381,0.005420818054328781,3
AAPL,2020-08-25,Naive,0.07494499128191667,0.005420818054328781,3
AAPL,2020-08-26,Naive,0.03855049050651216,0.005420818054328781,3
AAPL,2020-08-27,Naive,-0.0330373691467758,0.005420818054328781,3
AAPL,2020-08-28,Naive,-0.03082767694491384,0.005420818054328781,3
AAPL,2020-08-31,Naive,-0.1256976234635141,0.005420818054328781,3
AAPL,2020-09-01,Naive,-0.12565203004377967,0.005420818054328781,3
AAPL,2020-09-02,Naive,-0.13630137757762595,0.005420818054328781,3
AAPL,2020-09-03,Naive,-0.0734613337424942,0.005420818054328781,3
AAPL,2020-09-04,Naive,-0.04629634932630722,0.005420818054328781,3
AAPL,2020-09-08,Naive,0.024109484469685416,0.005420818054328781,3
AAPL,2020-09-09,Naive,-0.044238028197272294,0.005420818054328781,3
AAPL,2020-09-10,Naive,-0.027755917842033684,0.005420818054328781,3
AAPL,2020-09-11,Naive,-0.04607147084516183,0.005420818054328781,3
AAPL,2017-09-28,Ridge,0.013765901501058053,0.00907603243818797,1
AAPL,2017-09-29,Ridge,0.007655933420191996,0.010766590411087823,1
AAPL,2017-10-02,Ridge,0.013197751206100339,0.010211144247508241,1
AAPL,2017-10-03,Ridge,0.009191855065245225,0.011301105006202544,1
AAPL,2017-10-04,Ridge,0.02000244788002048,0.00949762484394271,1
AAPL,2017-10-05,Ridge,0.003925323181706908,0.012867428401945845,1
AAPL,2017-10-06,Ridge,0.010882464047485385,0.011899189761352888,1
AAPL,2017-10-09,Ridge,0.0259238806880695,0.012161018941318893,1
AAPL,2017-10-10,Ridge,0.029313607348415927,0.011453898877236059,1
AAPL,2017-10-11,Ridge,0.02050470494134804,0.012009815364611709,1
AAPL,2017-10-12,Ridge,-0.00012787723785168126,0.009971109229987021,1
AAPL,2017-10-13,Ridge,-0.004713628090316502,0.011499113252918712,1
AAPL,2017-10-16,Ridge,-0.023205278273974117,0.015380835466858152,1
AAPL,2017-10-17,Ridge,-0.021000678676919127,0.01449231536806591,1
AAPL,2017-10-18,Ridge,-0.02096863011181349,0.011141830069545874,1
AAPL,2017-10-19,Ridge,0.0091674589518842,0.0027475900148584767,1
AAPL,2017-10-20,Ridge,0.043520210251744906,0.0038995336667977942,1
AAPL,2017-10-23,Ridge,0.067555186371133,0.004271414600071868,1
AAPL,2017-10-24,Ridge,0.07600254881888624,0.006520573230570287,1
AAPL,2017-10-25,Ridge,0.067003152603754,0.005174592449000252,1
AAPL,2017-10-26,Ridge,0.06797551337827357,0.007427865128244657,1
AAPL,2017-10-27,Ridge,0.05795727068417866,0.014548535313104662,1
AAPL,2017-10-30,Ridge,0.04516520914614852,0.014805640614343231,1
AAPL,2017-10-31,Ridge,0.034133856920061545,0.012813479748139178,1
AAPL,2017-11-01,Ridge,0.05602499485576251,0.005722955928170868,1
AAPL,2017-11-02,Ridge,0.046219652556952484,0.004873800566626903,1
AAPL,2017-11-03,Ridge,0.016220020301157323,0.005137874375558342,1
AAPL,2017-11-06,Ridge,0.0019824467761864195,0.0030714315960538377,1
AAPL,2017-11-07,Ridge,-0.01632637292660677,0.0008225801640209113,1
AAPL,2017-11-08,Ridge,-0.03717764871087392,-0.0006710163086216699,1
AAPL,2017-11-09,Ridge,-0.02368035012963965,-0.0030154063465888774,1
AAPL,2017-11-10,Ridge,-0.025877038365548555,-0.005069129168406707,1
AAPL,2017-11-13,Ridge,-0.02293497964393698,-0.0066680677918471085,1
AAPL,2017-11-14,Ridge,0.010505654195936742,-0.011250581439256165,1
AAPL,2017-11-15,Ridge,0.03477653886276233,-0.013124041048597001,1
AAPL,2017-11-16,Ridge,0.022617963018258802,-0.00888264727211838,1
AAPL,2017-11-17,Ridge,0.023155374684605157,-0.008804526837326732,1
AAPL,2017-11-20,Ridge,0.018178580876120565,-0.007316646939634585,1
AAPL,2017-11-21,Ridge,-0.02113945123082661,-0.002874313512958134,1
AAPL,2017-11-22,Ridge,-0.01777569703467663,-0.0012515060506033474,1
AAPL,2017-11-24,Ridge,-0.022403817413410798,-0.0014018675187234264,1
AAPL,2017-11-27,Ridge,-0.02464208634510945,-0.0030012837148971107,1
AAPL,2017-11-28,Ridge,-0.019818673912487483,-0.0042826876035805955,1
AAPL,2017-11-29,Ridge,-0.002773197703380581,-0.008642460542060325,1
AAPL,2017-11-30,Ridge,-0.014721659463053594,-0.003758778081611451,1
AAPL,2017-12-01,Ridge,-0.009821447242616466,-0.003644850598025537,1
AAPL,2017-12-04,Ridge,0.016902263866619416,-0.0039515302978777415,1
AAPL,2017-12-05,Ridge,0.01214334508122028,-0.002518816792117611,1
AAPL,2017-12-06,Ridge,0.019289033797195154,-0.0019212454480620651,1
AAPL,2017-12-07,Ridge,0.017127089037306753,3.1693509988165586e-05,1
AAPL,2017-12-08,Ridge,0.027159517576871517,0.0012426596193981301,1
AAPL,2017-12-11,Ridge,0.02171753479546501,0.006840071965705609,1
AAPL,2017-12-12,Ridge,0.016540293552683494,0.004717363473745628,1
AAPL,2017-12-13,Ridge,0.012074096758503794,0.00552053204805375,1
AAPL,2017-12-14,Ridge,0.016200048026275615,0.00534453968499584,1
AAPL,2017-12-15,Ridge,0.005977915333348571,0.007701254405571865,1
AAPL,2017-12-18,Ridge,-0.03315911782696512,0.009722538494375606,1
AAPL,2017-12-19,Ridge,-0.022573364487336933,0.0046566291963646075,1
AAPL,2017-12-20,Ridge,-0.01875566939547091,0.004072466105439307,1
AAPL,2017-12-21,Ridge,-0.03302701948521913,0.004925175414290238,1
AAPL,2017-12-22,Ridge,-0.015713513102371457,0.004827914707820395,1
AAPL,2017-12-26,Ridge,0.00973158729275636,-0.003128145721831746,1
AAPL,2017-12-27,Ridge,0.014243599977865173,-0.0013690416900554517,1
AAPL,2017-12-28,Ridge,0.02291351633583072,0.0009425057316954782,1
AAPL,2017-12-29,Ridge,0.030255302519727856,-0.0007884723910734463,1
AAPL,2018-01-02,Ridge,0.012016584564953803,0.005639413758483959,1
AAPL,2018-01-03,Ridge,0.011960828606375928,0.005726760836306639,1
AAPL,2018-01-04,Ridge,0.013003905957597706,0.007018845333581193,1
AAPL,2018-01-05,Ridge,0.01194258026671502,0.009460101294135312,1
AAPL,2018-01-08,Ridge,0.010553424804342404,0.007376418955854766,1
AAPL,2018-01-09,Ridge,0.027362298212314284,0.006948819217834586,1
AAPL,2018-01-10,Ridge,0.028515514485431215,0.006628633382110574,1
AAPL,2018-01-11,Ridge,0.018142532253877297,0.008093629394077588,1
AAPL,2018-01-12,Ridge,-0.0005080059355900834,0.010187899396491042,1
AAPL,2018-01-16,Ridge,0.004824194540743454,0.0070570394669797545,1
AAPL,2018-01-17,Ridge,-0.027247471104262178,0.010126400584865886,1
AAPL,2018-01-18,Ridge,-0.045464290520553896,0.009104342813260995,1
AAPL,2018-01-19,Ridge,-0.0389447420145711,0.006130304563461204,1
AAPL,2018-01-22,Ridge,-0.051073532661830456,0.0023649495787994995,1
AAPL,2018-01-23,Ridge,-0.05687951463434138,0.0028515658815872758,1
AAPL,2018-01-24,Ridge,-0.03897352474439786,-0.0024158029200201797,1
AAPL,2018-01-25,Ridge,-0.01946141321877093,-0.0052887872426823496,1
AAPL,2018-01-26,Ridge,-0.0641944317337182,-0.0021370824220530577,1
AAPL,2018-01-29,Ridge,-0.06828991597823564,-0.00398195685450357,1
AAPL,2018-01-30,Ridge,-0.023597357944210362,-0.0020820173600706073,1
AAPL,2018-01-31,Ridge,-0.047124273933785155,0.0013644238883911766,1
AAPL,2018-02-01,Ridge,-0.07527637688069744,0.003852445276731356,1
AAPL,2018-02-02,Ridge,-0.02150953553418178,0.0005938806272706154,1
AAPL,2018-02-05,Ridge,0.04398624633316617,0.0031726569968427154,1
AAPL,2018-02-06,Ridge,0.012145188440370935,0.016219176132779407,1
AAPL,2018-02-07,Ridge,0.05335614958808921,0.015587794046330476,1
AAPL,2018-02-08,Ridge,0.11953067642701143,0.016026043056212726,1
AAPL,2018-02-09,Ridge,0.10242324262856961,0.020458431737877383,1
AAPL,2018-02-12,Ridge,0.05617313430627435,0.026553638424550836,1
AAPL,2018-02-13,Ridge,0.040951938641924146,0.025782200029146864,1
AAPL,2018-02-14,Ridge,0.030650009374027842,0.025128460483593934,1
AAPL,2018-02-15,Ridge,0.014509588272343166,0.0241923116947216,1
AAPL,2018-02-16,Ridge,0.0379284099210877,0.01915841374738251,1
AAPL,2018-02-20,Ridge,0.038056428765475214,0.015129776422418396,1
AAPL,2018-02-21,Ridge,0.04121114935040793,0.01189553619016493,1
AAPL,2018-02-22,Ridge,0.01449309802406118,0.010805910512881593,1
AAPL,2018-02-23,Ridge,0.004045748312355935,0.01021833746907886,1
AAPL,2018-02-26,Ridge,-0.012013262106198241,0.008805680843481198,1
AAPL,2018-02-27,Ridge,-0.00964143945077911,0.005041452212414109,1
AAPL,2018-02-28,Ridge,-0.017347979040214123,0.002544840881513792,1
AAPL,2018-03-01,Ridge,0.011085675022341368,-0.0019696855457731824,1
AAPL,2018-03-02,Ridge,0.02139458773436176,-0.0011755155655115979,1
AAPL,2018-03-05,Ridge,0.02771186242652024,-0.000959229424008029,1
AAPL,2018-03-06,Ridge,0.018678947917475153,-0.001291882014386625,1
AAPL,2018-03-07,Ridge,0.019482503748619262,-0.003061965815356879,1
AAPL,2018-03-08,Ridge,0.009664184726853708,-0.0008567946736764247,1
AAPL,2018-03-09,Ridge,-0.010890196662895701,0.0010691339560464364,1
AAPL,2018-03-12,Ridge,-0.03532914459732728,0.0010524734729895763,1
AAPL,2018-03-13,Ridge,-0.026282372789958708,-0.0023069489658256587,1
AAPL,2018-03-14,Ridge,-0.040181618406444075,-0.004194277164470048,1
AAPL,2018-03-15,Ridge,-0.05485599817892106,-0.0033384792168196648,1
AAPL,2018-03-16,Ridge,-0.07347458202478829,-0.0034656657666842193,1
AAPL,2018-03-19,Ridge,-0.014432156458090484,-0.005698105817136444,1
AAPL,2018-03-20,Ridge,-0.039374551187464246,-0.003887996161749254,1
AAPL,2018-03-21,Ridge,-0.02796771945034282,-0.005980745674101073,1
AAPL,2018-03-22,Ridge,-0.006336582002927971,-0.004830862695170836,1
AAPL,2018-03-23,Ridge,0.010549048776874903,-0.0036062130490593924,1
AAPL,2018-03-26,Ridge,-0.025351587807247666,0.0076619460404845074,1
AAPL,2018-03-27,Ridge,0.019425057942088264,0.005788446710860963,1
AAPL,2018-03-28,Ridge,0.037962645404935325,0.006730533027222957,1
AAPL,2018-03-29,Ridge,0.003576016528556991,0.009703370844214236,1
AAPL,2018-04-02,Ridge,0.02021861592564056,0.010203990184152467,1
AAPL,2018-04-03,Ridge,0.028861438298818598,0.012688547011396274,1
AAPL,2018-04-04,Ridge,0.004836242557740178,0.015154490908599563,1
AAPL,2018-04-05,Ridge,0.007754681807831121,0.014724037151770973,1
AAPL,2018-04-06,Ridge,0.03771222029930188,0.010511946736454211,1
AAPL,2018-04-09,Ridge,0.03393075774508825,0.012021136695556892,1
AAPL,2018-04-10,Ridge,0.028801925311190857,0.013652073309397515,1
AAPL,2018-04-11,Ridge,0.03131536100309984,0.011567121534371262,1
AAPL,2018-04-12,Ridge,-0.007695009457976187,0.011624784103242206,1
AAPL,2018-04-13,Ridge,-0.05156505332253292,0.010583623456641364,1
AAPL,2018-04-16,Ridge,-0.060174815712597196,0.009933939435493082,1
AAPL,2018-04-17,Ridge,-0.0858392592185625,0.009904080501517663,1
AAPL,2018-04-18,Ridge,-0.0797905843256006,0.00749400697595165,1
AAPL,2018-04-19,Ridge,-0.04965285756499205,0.0015318207456293115,1
AAPL,2018-04-20,Ridge,-0.02051654398195768,-0.001302555450335717,1
AAPL,2018-04-23,Ridge,0.00012108535001154053,0.0018146112618437418,1
AAPL,2018-04-24,Ridge,0.037805658694136435,0.003827193521050931,1
AAPL,2018-04-25,Ridge,0.07894891435004592,0.007486846020186323,1
AAPL,2018-04-26,Ridge,0.07715283083403102,0.010066376754701942,1
AAPL,2018-04-27,Ridge,0.13251595887486212,0.010422215443263758,1
AAPL,2018-04-30,Ridge,0.12041612094627285,0.014893316548079669,1
AAPL,2018-05-01,Ridge,0.10023657540625841,0.017943398624418162,1
AAPL,2018-05-02,Ridge,0.061108917987569455,0.01999341570363372,1
AAPL,2018-05-03,Ridge,0.07433981770056697,0.016019245331987134,1
AAPL,2018-05-04,Ridge,0.02984927894955325,0.014235455056308119,1
AAPL,2018-05-07,Ridge,0.020066760938350026,0.009239388702109774,1
AAPL,2018-05-08,Ridge,0.005959999013763317,0.004847389458941871,1
AAPL,2018-05-09,Ridge,0.008249384656123793,0.0013416289086794764,1
AAPL,2018-05-10,Ridge,-0.012254871540408385,-0.0014889752118978777,1
AAPL,2018-05-11,Ridge,-0.012089771433343888,-0.005468587704981171,1
AAPL,2018-05-14,Ridge,-0.0027642471637959742,-0.007938200639920387,1
AAPL,2018-05-15,Ridge,0.00386221126522468,-0.010960200400036226,1
AAPL,2018-05-16,Ridge,0.0009567753836530191,-0.010238040663896275,1
AAPL,2018-05-17,Ridge,0.00620363167272564,-0.011807193927911686,1
AAPL,2018-05-18,Ridge,0.012184146137390384,-0.011997066406288889,1
AAPL,2018-05-21,Ridge,0.001439327086518949,-0.010269784029296802,1
AAPL,2018-05-22,Ridge,0.0018165333364732472,-0.010203332596882178,1
AAPL,2018-05-23,Ridge,-0.00791082165061363,-0.008528556184575944,1
AAPL,2018-05-24,Ridge,0.011107802022165325,-0.008181300859793357,1
AAPL,2018-05-25,Ridge,0.01723397468836496,-0.0070194070962701985,1
AAPL,2018-05-29,Ridge,0.02879190954430655,-0.0073894894529402365,1
AAPL,2018-05-30,Ridge,0.03455975251237953,-0.006945426319055439,1
AAPL,2018-05-31,Ridge,0.03526549886183128,-0.006789680413969296,1
AAPL,2018-06-01,Ridge,0.0076744713755223515,-0.002389392503998427,1
AAPL,2018-06-04,Ridge,-0.003127498529127859,-0.0011656286137217246,1
AAPL,2018-06-05,Ridge,-0.005328113801442602,-0.0005538531935787155,1
AAPL,2018-06-06,Ridge,-0.016908845738672462,-0.0006685881508078084,1
AAPL,2018-06-07,Ridge,-0.013749782536898403,-0.0021758953984737615,1
AAPL,2018-06-08,Ridge,-0.014919032161019197,-0.005682250225937453,1
AAPL,2018-06-11,Ridge,-0.013021482323267164,-0.005564381509370754,1
AAPL,2018-06-12,Ridge,-0.03427333653126907,-0.0032818477805867975,1
AAPL,2018-06-13,Ridge,-0.02202399970089597,-0.005606275815778442,1
AAPL,2018-06-14,Ridge,-0.027987241405286634,-0.00403816852514605,1
AAPL,2018-06-15,Ridge,-0.020758307064127957,-0.006396001887572698,1
AAPL,2018-06-18,Ridge,-0.03480946419332798,-0.004643646607324883,1
AAPL,2018-06-19,Ridge,-0.006785230617469606,-0.0076211476251644115,1
AAPL,2018-06-20,Ridge,-0.012546906668707947,-0.0036411142545085227,1
AAPL,2018-06-21,Ridge,0.00021555055254607325,-0.003220517596901836,1
AAPL,2018-06-22,Ridge,0.0010275342551582245,-0.0020587433895459008,1
AAPL,2018-06-25,Ridge,0.027501855084086868,-0.0035065337651365887,1
AAPL,2018-06-26,Ridge,-0.0027657048729843314,0.003059309121134439,1
AAPL,2018-06-27,Ridge,0.006733284146738017,0.003798316130892293,1
AAPL,2018-06-28,Ridge,0.013315567712226972,0.007004002148665742,1
AAPL,2018-06-29,Ridge,0.029550021880313304,0.006612296438883475,1
AAPL,2018-07-02,Ridge,0.016935907229482128,0.010224088234555388,1
AAPL,2018-07-03,Ridge,0.021531322849226653,0.005162171222394395,1
AAPL,2018-07-05,Ridge,0.030366629701519265,0.008066380210917587,1
AAPL,2018-07-06,Ridge,0.017875072338305875,0.011327538114886966,1
AAPL,2018-07-09,Ridge,0.0017318993602286614,0.012918236235529484,1
AAPL,2018-07-10,Ridge,0.005778467095154616,0.010810636276868985,1
AAPL,2018-07-11,Ridge,0.013413054227405796,0.005950748559539094,1
AAPL,2018-07-12,Ridge,0.004449630137642879,0.008936441014122366,1
AAPL,2018-07-13,Ridge,0.0005750650441758154,0.008060996811973323,1
AAPL,2018-07-16,Ridge,0.003666273534358444,0.00643031035044897,1
AAPL,2018-07-17,Ridge,0.008095801474189201,0.006436508223809333,1
AAPL,2018-07-18,Ridge,0.023213935561356314,0.004122195567759328,1
AAPL,2018-07-19,Ridge,0.01214283802092364,0.005821567205444571,1
AAPL,2018-07-20,Ridge,-0.002402796646394312,0.004617009452484597,1
AAPL,2018-07-23,Ridge,-0.008872237029815433,0.004736784459075438,1
AAPL,2018-07-24,Ridge,-0.014041491078061408,0.006392123166571666,1
AAPL,2018-07-25,Ridge,0.03428838256466027,0.007839714949738258,1
AAPL,2018-07-26,Ridge,0.06786491680328077,0.005576976747072707,1
AAPL,2018-07-27,Ridge,0.08906652882804456,-0.0008155832332106434,1
AAPL,2018-07-30,Ridge,0.10088988413382971,-0.0014312639322640805,1
AAPL,2018-07-31,Ridge,0.08839167530146863,0.00044948768557384264,1
AAPL,2018-08-01,Ridge,0.028536053682794993,0.010151023778061291,1
AAPL,2018-08-02,Ridge,0.0071844609368865164,0.007973341020530593,1
AAPL,2018-08-03,Ridge,0.001287836528123698,0.003392701789416891,1
AAPL,2018-08-06,Ridge,0.0025471763189488517,-0.000175171407928814,1
AAPL,2018-08-07,Ridge,0.016298736227303046,-0.005974423305574798,1
AAPL,2018-08-08,Ridge,0.017984777888907955,-0.007229272295211971,1
AAPL,2018-08-09,Ridge,0.02483816451073495,-0.007499693612685061,1
AAPL,2018-08-10,Ridge,0.04842666633468218,-0.009285790395753401,1
AAPL,2018-08-13,Ridge,0.03155084571357358,-0.008895984478062599,1
AAPL,2018-08-14,Ridge,0.025220462817175715,-0.008766883668489638,1
AAPL,2018-08-15,Ridge,0.02287824164939689,-0.008678887169423489,1
AAPL,2018-08-16,Ridge,0.010172226364945747,-0.007767470503047911,1
AAPL,2018-08-17,Ridge,-0.006525935496894508,-0.008003673904492383,1
AAPL,2018-08-20,Ridge,0.011510215314217698,-0.013314141530045395,1
AAPL,2018-08-21,Ridge,0.021670420113458766,-0.014150020822247027,1
AAPL,2018-08-22,Ridge,0.036875411529115,-0.013632302371059519,1
AAPL,2018-08-23,Ridge,0.044271095604632826,-0.012640903978883771,1
AAPL,2018-08-24,Ridge,0.05306213585865183,-0.011474476796457338,1
AAPL,2018-08-27,Ridge,0.04781114415790655,-0.009998806300141442,1
AAPL,2018-08-28,Ridge,0.03263548753167789,-0.009099464629768465,1
AAPL,2018-08-29,Ridge,0.0005381349074013997,-0.008531014024794416,1
AAPL,2018-08-30,Ridge,-0.016575706405881352,-0.009147203875019036,1
AAPL,2018-08-31,Ridge,-0.04085581017099593,-0.01008663773263217,1
AAPL,2018-09-04,Ridge,-0.0197493589652028,-0.011316878950690053,1
AAPL,2018-09-05,Ridge,-0.02556544235652447,-0.015272478293112544,1
AAPL,2018-09-06,Ridge,0.014836385249933581,-0.021560002762461686,1
AAPL,2018-09-07,Ridge,0.011477909027381106,-0.021922329598543545,1
AAPL,2018-09-10,Ridge,-0.002060967236049649,-0.022691977585770254,1
AAPL,2018-09-11,Ridge,-0.02506131028171099,-0.01589230893609082,1
AAPL,2018-09-12,Ridge,-0.012213267851530318,-0.017387530775184713,1
AAPL,2018-09-13,Ridge,-0.028178862337147725,-0.012965806164702803,1
AAPL,2018-09-14,Ridge,-0.027608877553074174,-0.014995959809780905,1
AAPL,2018-09-17,Ridge,0.013355992046228504,-0.017556082236723884,1
AAPL,2018-09-18,Ridge,0.018099162828167703,-0.013726105431420454,1
AAPL,2018-09-19,Ridge,0.009387491158787675,-0.010612043811422948,1
AAPL,2018-09-20,Ridge,0.022360515471869125,-0.0070795504465627455,1
AAPL,2018-09-21,Ridge,0.03712190212181654,-0.007223829224207071,1
AAPL,2018-09-24,Ridge,0.02930363978187378,0.0014145638701368868,2
AAPL,2018-09-25,Ridge,0.0319096509628245,0.0024925557543695673,2
AAPL,2018-09-26,Ridge,0.052853845694570856,0.0018078636045528278,2
AAPL,2018-09-27,Ridge,0.013514223586807983,0.003877773615538177,2
AAPL,2018-09-28,Ridge,-0.006423301858705988,0.0033150184128025798,2
AAPL,2018-10-01,Ridge,-0.015356630052204556,0.002916791278196402,2
AAPL,2018-10-02,Ridge,-0.010511055955248483,0.0023662193604445207,2
AAPL,2018-10-03,Ridge,-0.06769524122837234,0.0014993952375347286,2
AAPL,2018-10-04,Ridge,-0.0593885517089372,-0.0026858091775773876,2
AAPL,2018-10-05,Ridge,-0.009719343438015837,-0.0040747234939375356,2
AAPL,2018-10-08,Ridge,-0.02864574707731693,-0.002608877187619197,2
AAPL,2018-10-09,Ridge,-0.02080498754849569,-5.1756522882506414e-05,2
AAPL,2018-10-10,Ridge,0.022324178010686868,-0.0023781532474680244,2
AAPL,2018-10-11,Ridge,0.007320852581710335,0.0014362291522792073,2
AAPL,2018-10-12,Ridge,-0.012606462745100355,0.007132906792336573,2
AAPL,2018-10-15,Ridge,0.015136362245114832,0.007081805757889793,2
AAPL,2018-10-16,Ridge,0.002610957706846495,0.009746973717458678,2
AAPL,2018-10-17,Ridge,-0.0275781332014986,0.00959209849288609,2
AAPL,2018-10-18,Ridge,0.017498416404154282,0.009392279089878199,2
AAPL,2018-10-19,Ridge,-0.01372474437338711,0.011904886835432015,2
AAPL,2018-10-22,Ridge,-0.03811457285225939,0.012534145390780568,2
AAPL,2018-10-23,Ridge,-0.042338308010454906,0.01268240586551177,2
AAPL,2018-10-24,Ridge,0.0175274526864857,0.011019564200676398,2
AAPL,2018-10-25,Ridge,0.011010168182598257,0.013560375675191676,2
AAPL,2018-10-26,Ridge,-0.04077699909481991,0.013217675381248753,2
AAPL,2018-10-29,Ridge,-0.05017919619857247,0.014146460290345463,2
AAPL,2018-10-30,Ridge,-0.04467907475756927,0.01646429514545833,2
AAPL,2018-10-31,Ridge,-0.040711072928719894,0.018481602938826246,2
AAPL,2018-11-01,Ridge,-0.05851214610128186,0.017720071971325198,2
AAPL,2018-11-02,Ridge,-0.011069030591850937,0.015625349385753922,2
AAPL,2018-11-05,Ridge,-0.033446799839220165,0.01959329263625828,2
AAPL,2018-11-06,Ridge,-0.05334088481504751,0.02429773525180779,2
AAPL,2018-11-07,Ridge,-0.1071599288564149,0.02728293075370323,2
AAPL,2018-11-08,Ridge,-0.08192251124376682,0.0270117199443485,2
AAPL,2018-11-09,Ridge,-0.05350387555780667,0.02697203492026077,2
AAPL,2018-11-12,Ridge,-0.04279714607239371,0.02912571856699262,2
AAPL,2018-11-13,Ridge,-0.07933197946767301,0.03341257567294484,2
AAPL,2018-11-14,Ridge,-0.05364008305914714,0.037829493146091325,2
AAPL,2018-11-15,Ridge,-0.0998902739804568,0.0425930013308116,2
AAPL,2018-11-16,Ridge,-0.09771111755965622,0.04409898069439033,2
AAPL,2018-11-19,Ridge,-0.06252039469850823,0.04498247803353573,2
AAPL,2018-11-20,Ridge,0.0223755645967203,0.048685915220756465,2
AAPL,2018-11-21,Ridge,0.015669163107030926,0.052781131678325044,2
AAPL,2018-11-23,Ridge,0.036508211216359054,0.056423955978528034,2
AAPL,2018-11-26,Ridge,0.058412733518097504,0.05981845052936416,2
AAPL,2018-11-27,Ridge,0.014061335635253691,0.06078393236092858,2
AAPL,2018-11-28,Ridge,-0.034376128058413946,0.06203355455719822,2
AAPL,2018-11-29,Ridge,-0.06159822384719771,0.059342772104952576,2
AAPL,2018-11-30,Ridge,-0.05028560697970974,0.05701627489077549,2
AAPL,2018-12-03,Ridge,-0.08759867071244554,0.05575030542370195,2
AAPL,2018-12-04,Ridge,-0.04295677046876056,0.05203369339521387,2
AAPL,2018-12-06,Ridge,-0.02157721052826922,0.051031484627054216,2
AAPL,2018-12-07,Ridge,-0.017865033899727933,0.05110495315842008,2
AAPL,2018-12-10,Ridge,-0.03337236034008528,0.05225053897466572,2
AAPL,2018-12-11,Ridge,-0.015181261732506113,0.05221095267894589,2
AAPL,2018-12-12,Ridge,-0.048551006462397295,0.05193778330589281,2
AAPL,2018-12-13,Ridge,-0.08259736240267901,0.05141447724895362,2
AAPL,2018-12-14,Ridge,-0.08913439779736287,0.049883852402737267,2
AAPL,2018-12-17,Ridge,-0.10436745280588144,0.04979749974707008,2
AAPL,2018-12-18,Ridge,-0.053591736939699985,0.05027269990846708,2
AAPL,2018-12-19,Ridge,-0.029461313641716336,0.049317132532645275,2
AAPL,2018-12-20,Ridge,-0.0038259304260995775,0.049927525505261014,2
AAPL,2018-12-21,Ridge,0.04650720120456353,0.051890725874984805,2
AAPL,2018-12-24,Ridge,0.07552942666933493,0.05488642008348886,2
AAPL,2018-12-26,Ridge,-0.0953108017236366,0.059738063048326476,2
AAPL,2018-12-27,Ridge,-0.05052831000259994,0.05763724599912831,2
AAPL,2018-12-28,Ridge,-0.05312664605177264,0.05556266083121525,2
AAPL,2018-12-31,Ridge,-0.04431349838141185,0.05366305197157445,2
AAPL,2019-01-02,Ridge,-0.029192069504937135,0.05088439977704874,2
AAPL,2019-01-03,Ridge,0.08165153614096177,0.049892862801826754,2
AAPL,2019-01-04,Ridge,0.027181714056486506,0.0534959438155707,2
AAPL,2019-01-07,Ridge,0.013993194851757318,0.05302511278025285,2
AAPL,2019-01-08,Ridge,0.015389684860243502,0.052578502473862185,2
AAPL,2019-01-09,Ridge,0.010631887454437772,0.050751255489070654,2
AAPL,2019-01-10,Ridge,0.01339351993145721,0.04770971438251902,2
AAPL,2019-01-11,Ridge,0.029746025644371565,0.04462020685140458,2
AAPL,2019-01-14,Ridge,0.022000326121471625,0.04227922372208285,2
AAPL,2019-01-15,Ridge,0.005553135922841346,0.04150955251198629,2
AAPL,2019-01-16,Ridge,-0.01445703150517863,0.039323700659030084,2
AAPL,2019-01-17,Ridge,0.012190780689839809,0.036494715197996054,2
AAPL,2019-01-18,Ridge,-0.0033155805298095142,0.0337067500262615,2
AAPL,2019-01-22,Ridge,0.009001381372050865,0.03024520179163069,2
AAPL,2019-01-23,Ridge,0.07360908250844966,0.02903208051497344,2
AAPL,2019-01-24,Ridge,0.08998016643502393,0.027316483842032162,2
AAPL,2019-01-25,Ridge,0.055527165556804814,0.027774860921382677,2
AAPL,2019-01-28,Ridge,0.0956491023392827,0.024762094167253453,2
AAPL,2019-01-29,Ridge,0.12606691652152602,0.02259899896891994,2
AAPL,2019-01-30,Ridge,0.0544027053631968,0.023402689906188448,2
AAPL,2019-01-31,Ridge,0.027037222914509274,0.018999900177514024,2
AAPL,2019-02-01,Ridge,0.02774956596760858,0.014918393791166475,2
AAPL,2019-02-04,Ridge,-0.006384552738805449,0.011974561051541138,2
AAPL,2019-02-05,Ridge,-0.0146807184626786,0.007943603313264044,2
AAPL,2019-02-06,Ridge,-0.019112470829264816,0.0039123696794493915,2
AAPL,2019-02-07,Ridge,0.0034659739802020972,-0.0005152523522633252,2
AAPL,2019-02-08,Ridge,5.876563765361276e-05,-0.0015363503661875322,2
AAPL,2019-02-11,Ridge,0.008853065776533997,-0.00264000226459298,2
AAPL,2019-02-12,Ridge,0.00667090153463179,-0.0023712062833677657,2
AAPL,2019-02-13,Ridge,0.005171305070750698,-0.0029972518805818204,2
AAPL,2019-02-14,Ridge,0.012704826644609923,-0.002595002585179279,2
AAPL,2019-02-15,Ridge,0.022356613688561566,-0.0026216912355624972,2
AAPL,2019-02-19,Ridge,0.019891322749199913,-0.0019508062384716602,2
AAPL,2019-02-20,Ridge,0.016508619649864054,-0.001165883361040546,2
AAPL,2019-02-21,Ridge,0.012217925475141334,-0.0017825357442834578,2
AAPL,2019-02-22,Ridge,0.011562968783087602,-0.0004262708405474141,2
AAPL,2019-02-25,Ridge,0.009297877969765889,5.225331306811867e-05,2
AAPL,2019-02-26,Ridge,0.006883749503796777,-7.527172285875551e-05,2
AAPL,2019-02-27,Ridge,-0.0020013159463245778,0.00016977851751785906,2
AAPL,2019-02-28,Ridge,-0.003754323565669959,-0.001685544320690525,2
AAPL,2019-03-01,Ridge,-0.011773558449250654,-1.3669477804182512e-05,2
AAPL,2019-03-04,Ridge,0.017344081535251687,0.0006068056577353959,2
AAPL,2019-03-05,Ridge,0.03065007773153705,0.00031003074861493674,2
AAPL,2019-03-06,Ridge,0.04119885673647672,-0.0005329851288833464,2
AAPL,2019-03-07,Ridge,0.06510173833072797,-0.0018788781271320276,2
AAPL,2019-03-08,Ridge,0.07639812648757194,-4.6277372673441536e-05,2
AAPL,2019-03-11,Ridge,0.05097823316346828,0.00415986989935049,2
AAPL,2019-03-12,Ridge,0.03106497909578465,0.0037636759765004475,2
AAPL,2019-03-13,Ridge,0.03549582504240911,0.002710126864034712,2
AAPL,2019-03-14,Ridge,0.06182972694518818,0.002056965124288719,2
AAPL,2019-03-15,Ridge,0.02648841742966246,0.0010737731575337951,2
AAPL,2019-03-18,Ridge,0.0038293844581496206,-0.0003685105643659783,2
AAPL,2019-03-19,Ridge,0.0013937167897046798,-0.003751017257779231,2
AAPL,2019-03-20,Ridge,0.001647583099142258,-0.003980949924599141,2
AAPL,2019-03-21,Ridge,-0.03265132307854046,-0.004582712467405613,2
AAPL,2019-03-22,Ridge,-0.00575789274963423,-0.010634099738269034,2
AAPL,2019-03-25,Ridge,0.01324585449976956,-0.0125035863193428,2
AAPL,2019-03-26,Ridge,0.038706842259034646,-0.012751794840110194,2
AAPL,2019-03-27,Ridge,0.03650465330398611,-0.010602091813413216,2
AAPL,2019-03-28,Ridge,0.0369332704488754,-0.009383105632096714,2
AAPL,2019-03-29,Ridge,0.03711512581465781,-0.007968017223771332,2
AAPL,2019-04-01,Ridge,0.046329232621238337,-0.006917033534040299,2
AAPL,2019-04-02,Ridge,0.028244380024003757,-0.005994446538350165,2
AAPL,2019-04-03,Ridge,0.026977034120734933,-0.006124197760538389,2
AAPL,2019-04-04,Ridge,0.016658583897141588,-0.006457455268589828,2
AAPL,2019-04-05,Ridge,0.009492494373922078,-0.006373506559426848,2
AAPL,2019-04-08,Ridge,-0.00434785742025634,-0.006341561122868003,2
AAPL,2019-04-09,Ridge,-0.0012533928990786647,-0.007876666233919222,2
AAPL,2019-04-10,Ridge,0.012511476807105959,-0.007898444441009869,2
AAPL,2019-04-11,Ridge,0.024679789554017617,-0.009954066038914198,2
AAPL,2019-04-12,Ridge,0.028460836951495816,-0.009203321207899082,2
AAPL,2019-04-15,Ridge,0.041409498613174334,-0.008058445290414464,2
AAPL,2019-04-16,Ridge,0.039699171671063516,-0.007013490747964878,2
AAPL,2019-04-17,Ridge,0.010584135321318522,-0.005002467409737855,2
AAPL,2019-04-18,Ridge,0.002158118618555749,-0.005031844732122957,2
AAPL,2019-04-22,Ridge,0.00039122803141800055,-0.0049646053625485,2
AAPL,2019-04-23,Ridge,-0.032822423029839065,-0.004635349930346221,2
AAPL,2019-04-24,Ridge,0.016219492302348426,-0.005714829762425136,2
AAPL,2019-04-25,Ridge,0.01885224021093146,-0.008510304444899645,2
AAPL,2019-04-26,Ridge,0.03646611443544878,-0.008842352559005263,2
AAPL,2019-04-29,Ridge,0.018913810633857997,-0.00725250100287181,2
AAPL,2019-04-30,Ridge,0.010913743784446206,-0.010543639925545092,2
AAPL,2019-05-01,Ridge,-0.03619637019460564,-0.004965664512867837,2
AAPL,2019-05-02,Ridge,-0.04030599229158671,-0.006986916795449518,2
AAPL,2019-05-03,Ridge,-0.06522177185179179,-0.006694685172641011,2
AAPL,2019-05-06,Ridge,-0.1057405105162712,-0.009631801347131385,2
AAPL,2019-05-07,Ridge,-0.0664180023409432,-0.011457213394393906,2
AAPL,2019-05-08,Ridge,-0.0554202729167983,-0.008457273598523996,2
AAPL,2019-05-09,Ridge,-0.04936216512222058,-0.006757995203585452,2
AAPL,2019-05-10,Ridge,-0.041484830332858436,-0.00472453773849796,2
AAPL,2019-05-13,Ridge,-0.014161258989423664,-0.002538490745786959,2
AAPL,2019-05-14,Ridge,-0.01091887263839264,0.005330285236688485,2
AAPL,2019-05-15,Ridge,-0.04263555392586926,0.010412998991895045,2
AAPL,2019-05-16,Ridge,-0.054819058680915855,0.012851371443405413,2
AAPL,2019-05-17,Ridge,-0.053068744466841955,0.014906069729691517,2
AAPL,2019-05-20,Ridge,-0.02654425659910087,0.01659020409155497,2
AAPL,2019-05-21,Ridge,-0.04941068371056745,0.02140922568928187,2
AAPL,2019-05-22,Ridge,-0.024510407922300637,0.022609880566160527,2
AAPL,2019-05-23,Ridge,-0.025548087900177263,0.02476243027391488,2
AAPL,2019-05-24,Ridge,-0.03168125129317423,0.0272619603301767,2
AAPL,2019-05-28,Ridge,0.00791126345761084,0.029175678200496817,2
AAPL,2019-05-29,Ridge,0.029090165006119273,0.03060520830133103,2
AAPL,2019-05-30,Ridge,0.038811119261370486,0.03221620996356117,2
AAPL,2019-05-31,Ridge,0.08613677021825095,0.03230056228319678,2
AAPL,2019-06-03,Ridge,0.11125207886502642,0.03318884620684715,2
AAPL,2019-06-04,Ridge,0.08444642406220049,0.037530473346205344,2
AAPL,2019-06-05,Ridge,0.06382182831375482,0.0367993720133495,2
AAPL,2019-06-06,Ridge,0.04821276888006332,0.034855269312070135,2
AAPL,2019-06-07,Ridge,0.013620648017659054,0.03252850722548838,2
AAPL,2019-06-10,Ridge,0.00680234107350719,0.028288486578198366,2
AAPL,2019-06-11,Ridge,0.01868478606145274,0.02389999689214948,2
AAPL,2019-06-12,Ridge,0.018950498903690827,0.01918446768141,2
AAPL,2019-06-13,Ridge,0.02735024662592167,0.015822817581818877,2
AAPL,2019-06-14,Ridge,0.0313376884032599,0.012562716690437258,2
AAPL,2019-06-17,Ridge,0.02418897157088895,0.011319134675433464,2
AAPL,2019-06-18,Ridge,-0.014512231678380894,0.010600995321260777,2
AAPL,2019-06-19,Ridge,0.009753942801359106,0.007569135918914047,2
AAPL,2019-06-20,Ridge,0.0014038389148660624,0.0059923189280899625,2
AAPL,2019-06-21,Ridge,-0.004326455349850211,0.0037045505153587323,2
AAPL,2019-06-24,Ridge,0.014956379603985548,0.0025091699251921992,2
AAPL,2019-06-25,Ridge,0.03661068623541497,-5.356005774344828e-05,2
AAPL,2019-06-26,Ridge,0.023072914615412943,0.0018694691056724347,2
AAPL,2019-06-27,Ridge,0.022479079615767672,0.0011466466931605059,2
AAPL,2019-06-28,Ridge,0.010610273595171194,-0.0004167989491859758,2
AAPL,2019-07-01,Ridge,-0.0015380850674604485,0.001076148232093014,2
AAPL,2019-07-02,Ridge,0.002466437530287191,0.0006625175389582648,2
AAPL,2019-07-03,Ridge,-0.01301324038938756,0.0002509698418634576,2
AAPL,2019-07-05,Ridge,-0.004553470987067598,-0.0008291758877543333,2
AAPL,2019-07-08,Ridge,0.025947589799489856,-0.004293435953405882,2
AAPL,2019-07-09,Ridge,0.016199359008525427,-0.002566375909106024,2
AAPL,2019-07-10,Ridge,0.0005903723673374994,-0.0011189622331118886,2
AAPL,2019-07-11,Ridge,0.019380507008076142,-0.0019751257383536277,2
AAPL,2019-07-12,Ridge,-0.003492572170076369,-0.000617751257872513,2
AAPL,2019-07-15,Ridge,0.009794742707164295,0.0002681132412870029,2
AAPL,2019-07-16,Ridge,0.02122249176547153,-0.0005224262712439937,2
AAPL,2019-07-17,Ridge,0.02616223235518489,-0.0011958058164338505,2
AAPL,2019-07-18,Ridge,0.006613097439364113,0.00047289727722201955,2
AAPL,2019-07-19,Ridge,0.02542090452144108,-0.0017848324764243098,2
AAPL,2019-07-22,Ridge,0.011871562760709109,0.0009837807442460537,2
AAPL,2019-07-23,Ridge,-0.0002873713440021408,0.0009203292144179254,2
AAPL,2019-07-24,Ridge,0.020941876946212412,7.450856523284234e-05,2
AAPL,2019-07-25,Ridge,0.006810744779490507,-0.001513328849031317,2
AAPL,2019-07-26,Ridge,-0.01790713659303944,-0.0007222618850329914,2
AAPL,2019-07-29,Ridge,-0.07792843661043891,0.00029214008913371753,2
AAPL,2019-07-30,Ridge,-0.05642285271134817,-0.0006760053479412456,2
AAPL,2019-07-31,Ridge,-0.06571546969252773,0.0008651959929184896,2
AAPL,2019-08-01,Ridge,-0.02398902471430331,-0.0033966642308804074,2
AAPL,2019-08-02,Ridge,-0.011108392908009024,-0.0044388719460810525,2
AAPL,2019-08-05,Ridge,0.04086949752163349,-0.0038246483486097244,2
AAPL,2019-08-06,Ridge,0.06479176330229519,0.0032024363636657498,2
AAPL,2019-08-07,Ridge,0.02251002635737942,0.007147773135145554,2
AAPL,2019-08-08,Ridge,-0.004539366321566041,0.010075377681921873,2
AAPL,2019-08-09,Ridge,0.027414235972553547,0.009741257285458597,2
AAPL,2019-08-12,Ridge,0.04923226961267346,0.010191116154790916,2
AAPL,2019-08-13,Ridge,0.00665172424970728,0.012206461800318574,2
AAPL,2019-08-14,Ridge,0.04877923681076579,0.008622920401327106,2
AAPL,2019-08-15,Ridge,0.0531377164405773,0.008734395874398015,2
AAPL,2019-08-16,Ridge,-0.01869255454901908,0.009893956454634128,2
AAPL,2019-08-19,Ridge,-0.018350649598043556,0.008963445311225785,2
AAPL,2019-08-20,Ridge,-0.029473545444876903,0.006793161696458768,2
AAPL,2019-08-21,Ridge,-0.03343687426674913,0.005297350359223022,2
AAPL,2019-08-22,Ridge,-0.016238457220081215,0.003300894056050538,2
AAPL,2019-08-23,Ridge,0.030102761208212758,-0.00013456396426728134,2
AAPL,2019-08-26,Ridge,-0.00382580092359186,0.002826068614023243,2
AAPL,2019-08-27,Ridge,0.024637787827490154,0.003286511798822375,2
AAPL,2019-08-28,Ridge,0.03770714793342167,0.004948641116461899,2
AAPL,2019-08-29,Ridge,0.020333947505580374,0.006132581676017979,2
AAPL,2019-08-30,Ridge,0.026013249549172945,0.005537655316200825,2
AAPL,2019-09-03,Ridge,0.0534759515372063,0.004579522399383321,2
AAPL,2019-09-04,Ridge,0.06883694711444543,0.006066144248662839,2
AAPL,2019-09-05,Ridge,0.04599600568282125,0.006076773633653054,2
AAPL,2019-09-06,Ridge,0.02574307507246787,0.004447159892734084,2
AAPL,2019-09-09,Ridge,0.026754485901769876,0.0033888804309437637,2
AAPL,2019-09-10,Ridge,0.01845857039489096,0.0025623627138654133,2
AAPL,2019-09-11,Ridge,-0.0036675449544677496,0.0010759636513344335,2
AAPL,2019-09-12,Ridge,-0.009547467666257803,-0.0025489091051546005,2
AAPL,2019-09-13,Ridge,-0.004662914218166669,-0.006546382285187715,2
AAPL,2019-09-16,Ridge,-0.005366325682669371,-0.006472517819064773,2
AAPL,2019-09-17,Ridge,-0.01368372811020302,-0.006520331679716744,2
AAPL,2019-09-18,Ridge,-0.00781063134092741,-0.006452923375364345,2
AAPL,2019-09-19,Ridge,-0.0048425264960147985,0.008371960294782033,3
AAPL,2019-09-20,Ridge,0.0050063120238685865,0.008259006365592247,3
AAPL,2019-09-23,Ridge,0.024003402355840642,0.008130697213560096,3
AAPL,2019-09-24,Ridge,0.031743920332925946,0.008055178750880744,3
AAPL,2019-09-25,Ridge,-0.009365234356031427,0.00801290050370443,3
AAPL,2019-09-26,Ridge,0.004229301831834453,0.008020406296412682,3
AAPL,2019-09-27,Ridge,0.03742806452656011,0.0079381598687955,3
AAPL,2019-09-30,Ridge,0.013796466199694324,-0.0037151253699341915,3
AAPL,2019-10-01,Ridge,-0.000845986551723743,-0.003602461552832629,3
AAPL,2019-10-02,Ridge,0.03685577162164999,-0.003678588194848045,3
AAPL,2019-10-03,Ridge,0.04197981370820392,-0.0038169925468788694,3
AAPL,2019-10-04,Ridge,0.040527004811393263,-0.0037380275838441576,3
AAPL,2019-10-07,Ridge,0.03880046561287043,-0.0035882445167471537,3
AAPL,2019-10-08,Ridge,0.048663199405855284,-0.003600262869597402,3
AAPL,2019-10-09,Ridge,0.032330712899044656,-0.003623472000251658,3
AAPL,2019-10-10,Ridge,0.022556517760947914,-0.003524285994158845,3
AAPL,2019-10-11,Ridge,0.0008465097712135883,-0.003334394217552863,3
AAPL,2019-10-14,Ridge,0.019671651072029617,-0.0031207226724770396,3
AAPL,2019-10-15,Ridge,0.019717830958184468,-0.00304924919109214,3
AAPL,2019-10-16,Ridge,0.037590004530036136,-0.003035987272286337,3
AAPL,2019-10-17,Ridge,0.035276956344378,-0.0030363978182857227,3
AAPL,2019-10-18,Ridge,0.04301858594038488,-0.003010328510779551,3
AAPL,2019-10-21,Ridge,0.03550803092201171,-0.002928818520002309,3
AAPL,2019-10-22,Ridge,0.013877191296770564,-0.002833299853959417,3
AAPL,2019-10-23,Ridge,0.000329029726515051,-0.0027739782009821084,3
AAPL,2019-10-24,Ridge,0.021266096762839082,-0.002677368054939279,3
AAPL,2019-10-25,Ridge,0.037472794224285844,-0.0025997698640131987,3
AAPL,2019-10-28,Ridge,0.033928883135343924,-0.00247266966201017,3
AAPL,2019-10-29,Ridge,0.05688692495671677,-0.002514992097353677,3
AAPL,2019-10-30,Ridge,0.057469292870410804,-0.002667757248882233,3
AAPL,2019-10-31,Ridge,0.04602382645519554,-0.002660901659829633,3
AAPL,2019-11-01,Ridge,0.019939673222496346,-0.0024707744571764887,3
AAPL,2019-11-04,Ridge,0.02130939743284399,-0.0022443925626688703,3
AAPL,2019-11-05,Ridge,0.021842571292717716,-0.0021390462592866906,3
AAPL,2019-11-06,Ridge,0.031192799262391047,-0.00210105006122848,3
AAPL,2019-11-07,Ridge,0.012373514220420878,-0.002047203314633302,3
AAPL,2019-11-08,Ridge,0.021603950229063917,-0.0019720944143884955,3
AAPL,2019-11-11,Ridge,0.01868830458511872,-0.0019234643406179476,3
AAPL,2019-11-12,Ridge,0.016529439773923515,-0.0018915275216232407,3
AAPL,2019-11-13,Ridge,-0.00483961956571588,-0.0018776118812490932,3
AAPL,2019-11-14,Ridge,-0.0023988834586415875,-0.0018997068192440287,3
AAPL,2019-11-15,Ridge,-0.01497600944136479,-0.0019342729181651879,3
AAPL,2019-11-18,Ridge,-0.0027328732169759062,-0.0019005601321452391,3
AAPL,2019-11-19,Ridge,-0.007510580395287181,-0.0019311806695553402,3
AAPL,2019-11-20,Ridge,0.0176674286228522,-0.0020851577097063196,3
AAPL,2019-11-21,Ridge,0.019999477223271445,-0.002284717442116985,3
AAPL,2019-11-22,Ridge,0.009091710130884723,-0.002457944456928385,3
AAPL,2019-11-25,Ridge,-0.02597922243083295,-0.0025240569676381703,3
AAPL,2019-11-26,Ridge,-0.009648461503209083,-0.0025826511738217773,3
AAPL,2019-11-27,Ridge,-0.008437707200420697,-0.002645715737598686,3
AAPL,2019-11-29,Ridge,0.012946513473454768,-0.0026604808545468333,3
AAPL,2019-12-02,Ridge,0.010448033407204571,-0.0028093547710322632,3
AAPL,2019-12-03,Ridge,0.034804420551312054,-0.003076247857760262,3
AAPL,2019-12-04,Ridge,0.034499793126619105,-0.0032881479301916624,3
AAPL,2019-12-05,Ridge,0.022140216996809903,-0.0033206361821261953,3
AAPL,2019-12-06,Ridge,0.01640111328740579,-0.0032314347553112467,3
AAPL,2019-12-09,Ridge,0.04847867587551735,-0.00321610708092323,3
AAPL,2019-12-10,Ridge,0.0444354874519699,-0.003283646067444878,3
AAPL,2019-12-11,Ridge,0.0331276426849334,-0.003253034928033748,3
AAPL,2019-12-12,Ridge,0.03153308781876296,-0.0032110410352709272,3
AAPL,2019-12-13,Ridge,0.015591515499731479,-0.0031366467288081864,3
AAPL,2019-12-16,Ridge,0.014793230912644395,-0.00296224211322122,3
AAPL,2019-12-17,Ridge,0.013765101250162948,-0.002792709399267775,3
AAPL,2019-12-18,Ridge,0.03635577651961652,-0.002728315289734675,3
AAPL,2019-12-19,Ridge,0.03492612423773589,-0.0027057041764299494,3
AAPL,2019-12-20,Ridge,0.043229363102913254,-0.002713990541061831,3
AAPL,2019-12-23,Ridge,0.033978928471348535,-0.0026663632637018092,3
AAPL,2019-12-24,Ridge,0.05656616873515996,-0.00257339656701529,3
AAPL,2019-12-26,Ridge,0.025938835305041597,-0.002459074451085637,3
AAPL,2019-12-27,Ridge,0.034506753090824516,-0.002311736875954112,3
AAPL,2019-12-30,Ridge,0.023566160935842184,-0.002239560293931621,3
AAPL,2019-12-31,Ridge,0.032487739787979475,-0.002146504128093969,3
AAPL,2020-01-02,Ridge,0.03089759864453656,-0.001972463334430745,3
AAPL,2020-01-03,Ridge,0.043371366815333934,-0.0018520762443582717,3
AAPL,2020-01-06,Ridge,0.057238116087792834,-0.0018246471641096438,3
AAPL,2020-01-07,Ridge,0.04789054973037277,-0.0018124667992402066,3
AAPL,2020-01-08,Ridge,0.02688074381739125,-0.0017821530189728067,3
AAPL,2020-01-09,Ridge,0.0181179362653745,-0.0015977389245024993,3
AAPL,2020-01-10,Ridge,0.027068102438458697,-0.0014147969502112416,3
AAPL,2020-01-13,Ridge,-0.0012308134302312368,-0.0012376514902863829,3
AAPL,2020-01-14,Ridge,0.01605450606414438,-0.001145688528286763,3
AAPL,2020-01-15,Ridge,0.025342205574887977,-0.0012317383852777633,3
AAPL,2020-01-16,Ridge,0.009738703698134676,-0.001249546782151517,3
AAPL,2020-01-17,Ridge,-0.03068431474270239,-0.0011749647018209361,3
AAPL,2020-01-21,Ridge,0.0035382419483638294,-0.0011858400790068285,3
AAPL,2020-01-22,Ridge,0.02090004380248711,-0.0012579961361410845,3
AAPL,2020-01-23,Ridge,0.014534920966783105,-0.0012932618093418969,3
AAPL,2020-01-24,Ridge,-0.02764568192917838,-0.0013679847581179868,3
AAPL,2020-01-27,Ridge,-0.0009383198624960398,-0.001699642283338752,3
AAPL,2020-01-28,Ridge,0.003651220240519004,-0.0019116243520484527,3
AAPL,2020-01-29,Ridge,-0.008910007109900975,-0.0018027187626751184,3
AAPL,2020-01-30,Ridge,0.004137518777088678,-0.0017338357562353404,3
AAPL,2020-01-31,Ridge,0.03644312718430731,-0.0020602343392808675,3
AAPL,2020-02-03,Ridge,0.044233363592257824,-0.0025261793202348897,3
AAPL,2020-02-04,Ridge,0.004762611264161443,-0.0026350649707897996,3
AAPL,2020-02-05,Ridge,0.02030330077578446,-0.002549942846030215,3
AAPL,2020-02-06,Ridge,0.0013251646048066945,-0.0024814582894328507,3
AAPL,2020-02-07,Ridge,0.015373283826650708,-0.002509071557503551,3
AAPL,2020-02-10,Ridge,-0.007930667283132409,-0.002606325503225951,3
AAPL,2020-02-11,Ridge,0.012546537845568695,-0.0026933643315536293,3
AAPL,2020-02-12,Ridge,-0.021087977457279194,-0.002677914916511347,3
AAPL,2020-02-13,Ridge,-0.036383770067682675,-0.002619240934923938,3
AAPL,2020-02-14,Ridge,-0.08238161153163259,-0.002677273311097547,3
AAPL,2020-02-18,Ridge,-0.09692771022213897,-0.002848873139438543,3
AAPL,2020-02-19,Ridge,-0.09569868342163756,-0.002986420551903647,3
AAPL,2020-02-20,Ridge,-0.1460508868445718,-0.0030764852401880807,3
AAPL,2020-02-21,Ridge,-0.126784802370555,-0.003379133921889943,3
AAPL,2020-02-24,Ridge,0.0021122016002066424,0.0077001611318260575,3
AAPL,2020-02-25,Ridge,0.004304433537995811,0.0069112489570807255,3
AAPL,2020-02-26,Ridge,0.03447804752984518,0.006329198999871572,3
AAPL,2020-02-27,Ridge,0.07092740971142542,0.005729872564486018,3
AAPL,2020-02-28,Ridge,0.05732321560898668,0.004916961981603157,3
AAPL,2020-03-02,Ridge,-0.10923279226910765,0.00488905007368291,3
AAPL,2020-03-03,Ridge,-0.013756543993170722,0.005147887353896565,3
AAPL,2020-03-04,Ridge,-0.09020946389721918,0.00522090521023684,3
AAPL,2020-03-05,Ridge,-0.15256715043089553,0.005429277970034046,3
AAPL,2020-03-06,Ridge,-0.03826544208555116,0.0052851575531507825,3
AAPL,2020-03-09,Ridge,-0.09001784141144542,0.004861008420041568,3
AAPL,2020-03-10,Ridge,-0.11382902339067646,0.004489989309901559,3
AAPL,2020-03-11,Ridge,-0.10441851079927544,0.004603022757232921,3
AAPL,2020-03-12,Ridge,-0.01389843629291354,0.00399504965653448,3
AAPL,2020-03-13,Ridge,-0.1753067940016867,0.003559760540126244,3
AAPL,2020-03-16,Ridge,-0.07365505538204109,0.0035684976483293033,3
AAPL,2020-03-17,Ridge,-0.023649628279527768,0.0028186154014065625,3
AAPL,2020-03-18,Ridge,-0.004661962216113813,0.0027172190023644757,3
AAPL,2020-03-19,Ridge,0.055805095297273954,0.0024349243996707346,3
AAPL,2020-03-20,Ridge,0.08070165707052968,0.0020891596725990834,3
AAPL,2020-03-23,Ridge,0.1356686360334558,0.0015097511310610892,3
AAPL,2020-03-24,Ridge,0.030014707508414284,0.0014455581286494665,3
AAPL,2020-03-25,Ridge,-0.018776676503007295,0.0019826318355629707,3
AAPL,2020-03-26,Ridge,-0.05227521827493797,0.0023699827855765175,3
AAPL,2020-03-27,Ridge,-0.025551046871909677,0.002855554650939256,3
AAPL,2020-03-30,Ridge,0.03006142592764549,0.0030420196282053297,3
AAPL,2020-03-31,Ridge,0.02021310174904145,0.003468897270363344,3
AAPL,2020-04-01,Ridge,0.10443747516370383,0.0035849953308705242,3
AAPL,2020-04-02,Ridge,0.09414945481266823,0.0035119387811157563,3
AAPL,2020-04-03,Ridge,0.13189140885726158,0.003653906558239153,3
AAPL,2020-04-06,Ridge,0.0936490667463672,0.003976285576412526,3
AAPL,2020-04-07,Ridge,0.09636494674888962,0.004678932225728359,3
AAPL,2020-04-08,Ridge,0.07749850502821731,0.005090864229053594,3
AAPL,2020-04-09,Ridge,0.055263378740116664,0.0056097100799511555,3
AAPL,2020-04-13,Ridge,0.013467822482472691,0.006079901122011682,3
AAPL,2020-04-14,Ridge,-0.06507576868712461,0.0067343628851049084,3
AAPL,2020-04-15,Ridge,-0.02928638146895879,0.007421394268099387,3
AAPL,2020-04-16,Ridge,-0.04067089090409781,0.007827651641022117,3
AAPL,2020-04-17,Ridge,0.0006010894550632084,0.008135974257862142,3
AAPL,2020-04-20,Ridge,0.02253274696174401,0.008184874803950548,3
AAPL,2020-04-21,Ridge,0.038044647948514365,0.008016073211872492,3
AAPL,2020-04-22,Ridge,0.04212258548574521,0.007880792360527335,3
AAPL,2020-04-23,Ridge,0.06824658525549876,0.007966561602331236,3
AAPL,2020-04-24,Ridge,0.02155713844486029,0.008056326155801964,3
AAPL,2020-04-27,Ridge,0.03527898223986714,0.008264059204058156,3
AAPL,2020-04-28,Ridge,0.06813097548751434,0.008275507513572302,3
AAPL,2020-04-29,Ridge,0.04483354809119455,0.00833751408431592,3
AAPL,2020-04-30,Ridge,0.03383266309108435,0.008654702635796235,3
AAPL,2020-05-01,Ridge,0.07575853903195573,0.008832935717868291,3
AAPL,2020-05-04,Ridge,0.07744171284461898,0.00889352875504417,3
AAPL,2020-05-05,Ridge,0.04937848229408304,0.009085176242940814,3
AAPL,2020-05-06,Ridge,0.026121120231142214,0.009307276523622406,3
AAPL,2020-05-07,Ridge,0.021854160218644614,0.009519568163651819,3
AAPL,2020-05-08,Ridge,-0.007803186334145229,0.009800729077956495,3
AAPL,2020-05-11,Ridge,-0.00015872734517652365,0.010157901598822742,3
AAPL,2020-05-12,Ridge,0.005555454817217864,0.010350325100637775,3
AAPL,2020-05-13,Ridge,0.03764019159244203,0.010311792868388606,3
AAPL,2020-05-14,Ridge,0.023615711779962245,0.010252376362189071,3
AAPL,2020-05-15,Ridge,0.03633259727969418,0.010191220685971768,3
AAPL,2020-05-18,Ridge,0.005619739882204655,0.010190512033180943,3
AAPL,2020-05-19,Ridge,0.015871312862669296,-0.001422330721128841,3
AAPL,2020-05-20,Ridge,-0.0030699299932239743,-0.0013937777718315341,3
AAPL,2020-05-21,Ridge,0.0034400620071375343,-0.0013502298367107654,3
AAPL,2020-05-22,Ridge,0.009282329849755744,-0.0013947435743788253,3
AAPL,2020-05-26,Ridge,0.02086930539232279,-0.0014610695626601092,3
AAPL,2020-05-27,Ridge,0.022036514479204294,-0.0015676719049133913,3
AAPL,2020-05-28,Ridge,0.012788669898833094,-0.0016487947307071192,3
AAPL,2020-05-29,Ridge,0.04264945864770131,-0.0017599762042947017,3
AAPL,2020-06-01,Ridge,0.0360725277066869,-0.001814011861314943,3
AAPL,2020-06-02,Ridge,0.06386518203597902,-0.0018040960472626216,3
AAPL,2020-06-03,Ridge,0.08526065964432927,-0.001804436592975787,3
AAPL,2020-06-04,Ridge,0.042131951377062604,-0.0018855422461094779,3
AAPL,2020-06-05,Ridge,0.022020950473725653,-0.0018534878275254232,3
AAPL,2020-06-08,Ridge,0.028579358974492486,-0.0016816148039715323,3
AAPL,2020-06-09,Ridge,0.02351744026892799,-0.001433483454222899,3
AAPL,2020-06-10,Ridge,-0.0035426428738107862,-0.0009924795550296257,3
AAPL,2020-06-11,Ridge,0.04712731991037833,-0.000990416163772179,3
AAPL,2020-06-12,Ridge,0.032231584794773394,-0.001221691390549443,3
AAPL,2020-06-15,Ridge,0.0462989175572055,-0.001215052386802547,3
AAPL,2020-06-16,Ridge,0.04104231112982748,-0.0010523730314150968,3
AAPL,2020-06-17,Ridge,0.024090630211302644,0.010780520423131138,3
AAPL,2020-06-18,Ridge,0.0372729812546273,0.010807087162997116,3
AAPL,2020-06-19,Ridge,0.01118025958581148,0.010748021323004186,3
AAPL,2020-06-22,Ridge,0.008108634820558125,0.01080271125836926,3
AAPL,2020-06-23,Ridge,-0.004720092945603271,0.011071221896952145,3
AAPL,2020-06-24,Ridge,0.011248020149745797,0.01113857767669153,3
AAPL,2020-06-25,Ridge,-0.0020010778825945152,0.011114757891567153,3
AAPL,2020-06-26,Ridge,0.05717859337343589,0.010925671378458797,3
AAPL,2020-06-29,Ridge,0.03015643604328999,0.010727929803020871,3
AAPL,2020-06-30,Ridge,0.045422097567130226,0.010762682481948465,3
AAPL,2020-07-01,Ridge,0.05190751719527542,0.010717999736383498,3
AAPL,2020-07-02,Ridge,0.05374747316871664,0.010613996971267439,3
AAPL,2020-07-06,Ridge,0.021559497822904117,0.010674137662228042,3
AAPL,2020-07-07,Ridge,0.041696676693380175,0.010777831817730746,3
AAPL,2020-07-08,Ridge,0.024988713120358552,0.010899344411251963,3
AAPL,2020-07-09,Ridge,0.008041595727358075,0.011095543383687498,3
AAPL,2020-07-10,Ridge,0.004248145362411249,0.01117509277250781,3
AAPL,2020-07-13,Ridge,0.030164100278382122,0.011154984753578635,3
AAPL,2020-07-14,Ridge,-0.0005923594889164496,0.011189955031434084,3
AAPL,2020-07-15,Ridge,-0.004630244978090725,0.011305049123462873,3
AAPL,2020-07-16,Ridge,-0.03809996697410756,-0.00042963231616871024,3
AAPL,2020-07-17,Ridge,-0.03853988389861207,-0.0006083272034459646,3
AAPL,2020-07-20,Ridge,-0.03606759252814962,-0.0006184113106886529,3
AAPL,2020-07-21,Ridge,-0.03863391673725258,-0.00069492280893822,3
AAPL,2020-07-22,Ridge,-0.0229508273810769,-0.0008750069053694593,3
AAPL,2020-07-23,Ridge,0.03602786848525397,-0.0013821564478113052,3
AAPL,2020-07-24,Ridge,0.14732999415843095,-0.0020177894510766134,3
AAPL,2020-07-27,Ridge,0.1490088329165744,-0.0022795642663167243,3
AAPL,2020-07-28,Ridge,0.1760006616909604,-0.0025298629491776704,3
AAPL,2020-07-29,Ridge,0.1580650014359919,-0.002734210322837257,3
AAPL,2020-07-30,Ridge,0.18414037804583883,-0.00270771969535179,3
AAPL,2020-07-31,Ridge,0.047551659997069784,-0.0019554973591508163,3
AAPL,2020-08-03,Ridge,0.036656193020500494,-0.0007547082793197693,3
AAPL,2020-08-04,Ridge,-0.0008462943733721362,7.27834404921331e-05,3
AAPL,2020-08-05,Ridge,0.028631395751522515,0.000671104837416712,3
AAPL,2020-08-06,Ridge,0.011543949298434608,0.0013622538402871497,3
AAPL,2020-08-07,Ridge,0.03415437242977304,0.001781517304201445,3
AAPL,2020-08-10,Ridge,0.016677285115727747,0.0019851765812542296,3
AAPL,2020-08-11,Ridge,0.056571537933512994,0.0019184849302072548,3
AAPL,2020-08-12,Ridge,0.02386957960686442,0.0019060121832198242,3
AAPL,2020-08-13,Ridge,0.028388794139864837,0.013860906291454426,3
AAPL,2020-08-14,Ridge,0.0823489707997207,0.014012954012237924,3
AAPL,2020-08-17,Ridge,0.09816106715200057,0.013983137801194971,3
AAPL,2020-08-18,Ridge,0.08015129085456985,0.013944633724527217,3
AAPL,2020-08-19,Ridge,0.09346864285074741,0.01389412953981058,3
AAPL,2020-08-20,Ridge,0.05694358489940621,0.01395324023195027,3
AAPL,2020-08-21,Ridge,0.0035179043653106312,0.01448469362308093,3
AAPL,2020-08-24,Ridge,0.02528673269375381,0.015127027380640822,3
AAPL,2020-08-25,Ridge,0.07494499128191667,0.015386330368303617,3
AAPL,2020-08-26,Ridge,0.03855049050651216,0.015566173053117294,3
AAPL,2020-08-27,Ridge,-0.0330373691467758,0.015564991240225767,3
AAPL,2020-08-28,Ridge,-0.03082767694491384,0.015358180855807903,3
AAPL,2020-08-31,Ridge,-0.1256976234635141,0.015460398096291832,3
AAPL,2020-09-01,Ridge,-0.12565203004377967,0.016004314851937405,3
AAPL,2020-09-02,Ridge,-0.13630137757762595,0.01620334169126583,3
AAPL,2020-09-03,Ridge,-0.0734613337424942,0.015221152405578826,3
AAPL,2020-09-04,Ridge,-0.04629634932630722,0.014064069929491836,3
AAPL,2020-09-08,Ridge,0.024109484469685416,0.012644115256330572,3
AAPL,2020-09-09,Ridge,-0.044238028197272294,0.011489479869938398,3
AAPL,2020-09-10,Ridge,-0.027755917842033684,0.010588579129406656,3
AAPL,2020-09-11,Ridge,-0.04607147084516183,0.009481129825746965,3
AAPL,2017-09-28,RandomForest,0.013765901501058053,0.010050475414620473,1
AAPL,2017-09-29,RandomForest,0.007655933420191996,0.010009908200877366,1
AAPL,2017-10-02,RandomForest,0.013197751206100339,0.011122841185432,1
AAPL,2017-10-03,RandomForest,0.009191855065245225,0.010870846720428545,1
AAPL,2017-10-04,RandomForest,0.02000244788002048,0.009829967322800006,1
AAPL,2017-10-05,RandomForest,0.003925323181706908,0.017085502564070355,1
AAPL,2017-10-06,RandomForest,0.010882464047485385,0.012119381359597812,1
AAPL,2017-10-09,RandomForest,0.0259238806880695,-0.01015878234815065,1
AAPL,2017-10-10,RandomForest,0.029313607348415927,-0.011015925880181621,1
AAPL,2017-10-11,RandomForest,0.02050470494134804,-0.01040301863991743,1
AAPL,2017-10-12,RandomForest,-0.00012787723785168126,-0.010594875987000754,1
AAPL,2017-10-13,RandomForest,-0.004713628090316502,-0.005712337385920293,1
AAPL,2017-10-16,RandomForest,-0.023205278273974117,0.010033770263642095,1
AAPL,2017-10-17,RandomForest,-0.021000678676919127,0.009174225466283178,1
AAPL,2017-10-18,RandomForest,-0.02096863011181349,0.003546575218604173,1
AAPL,2017-10-19,RandomForest,0.0091674589518842,-0.0019855855349011717,1
AAPL,2017-10-20,RandomForest,0.043520210251744906,-0.014471728884764968,1
AAPL,2017-10-23,RandomForest,0.067555186371133,-0.014774979910773778,1
AAPL,2017-10-24,RandomForest,0.07600254881888624,-0.01120125623595577,1
AAPL,2017-10-25,RandomForest,0.067003152603754,-0.009979500308565085,1
AAPL,2017-10-26,RandomForest,0.06797551337827357,-0.009056434061770056,1
AAPL,2017-10-27,RandomForest,0.05795727068417866,0.01085359635020506,1
AAPL,2017-10-30,RandomForest,0.04516520914614852,0.012133447227010383,1
AAPL,2017-10-31,RandomForest,0.034133856920061545,-0.004843601956270717,1
AAPL,2017-11-01,RandomForest,0.05602499485576251,0.0030833887013260396,1
AAPL,2017-11-02,RandomForest,0.046219652556952484,0.004777336644759798,1
AAPL,2017-11-03,RandomForest,0.016220020301157323,0.007711573814732484,1
AAPL,2017-11-06,RandomForest,0.0019824467761864195,0.006500716163671181,1
AAPL,2017-11-07,RandomForest,-0.01632637292660677,0.007154113121728453,1
AAPL,2017-11-08,RandomForest,-0.03717764871087392,0.007345729045948396,1
AAPL,2017-11-09,RandomForest,-0.02368035012963965,0.007043116136810337,1
AAPL,2017-11-10,RandomForest,-0.025877038365548555,0.006827575579893058,1
AAPL,2017-11-13,RandomForest,-0.02293497964393698,0.006827575579893058,1
AAPL,2017-11-14,RandomForest,0.010505654195936742,0.007467381620903763,1
AAPL,2017-11-15,RandomForest,0.03477653886276233,0.010032128559994151,1
AAPL,2017-11-16,RandomForest,0.022617963018258802,0.0028632018186117124,1
AAPL,2017-11-17,RandomForest,0.023155374684605157,0.008609617913563357,1
AAPL,2017-11-20,RandomForest,0.018178580876120565,0.007974402632666588,1
AAPL,2017-11-21,RandomForest,-0.02113945123082661,0.005977795620174566,1
AAPL,2017-11-22,RandomForest,-0.01777569703467663,0.003201129030565286,1
AAPL,2017-11-24,RandomForest,-0.022403817413410798,0.005023220775024801,1
AAPL,2017-11-27,RandomForest,-0.02464208634510945,-0.0031987383416311795,1
AAPL,2017-11-28,RandomForest,-0.019818673912487483,-0.0027466945706233893,1
AAPL,2017-11-29,RandomForest,-0.002773197703380581,-0.0039456379594390864,1
AAPL,2017-11-30,RandomForest,-0.014721659463053594,-0.005645667093340535,1
AAPL,2017-12-01,RandomForest,-0.009821447242616466,-0.004753431463803826,1
AAPL,2017-12-04,RandomForest,0.016902263866619416,-0.01623211874307384,1
AAPL,2017-12-05,RandomForest,0.01214334508122028,-0.00901585204537338,1
AAPL,2017-12-06,RandomForest,0.019289033797195154,-0.004036731563561163,1
AAPL,2017-12-07,RandomForest,0.017127089037306753,-0.010711146954596113,1
AAPL,2017-12-08,RandomForest,0.027159517576871517,-0.007483145179436743,1
AAPL,2017-12-11,RandomForest,0.02171753479546501,0.009654682218008087,1
AAPL,2017-12-12,RandomForest,0.016540293552683494,0.011440085649023372,1
AAPL,2017-12-13,RandomForest,0.012074096758503794,0.009021584741878917,1
AAPL,2017-12-14,RandomForest,0.016200048026275615,0.006924940768234026,1
AAPL,2017-12-15,RandomForest,0.005977915333348571,-0.00018048970228470642,1
AAPL,2017-12-18,RandomForest,-0.03315911782696512,-0.002201699445648864,1
AAPL,2017-12-19,RandomForest,-0.022573364487336933,-0.008086373843896764,1
AAPL,2017-12-20,RandomForest,-0.01875566939547091,-0.009543833175000597,1
AAPL,2017-12-21,RandomForest,-0.03302701948521913,-0.012151019968783133,1
AAPL,2017-12-22,RandomForest,-0.015713513102371457,-0.004095669629435461,1
AAPL,2017-12-26,RandomForest,0.00973158729275636,0.006915930039584837,1
AAPL,2017-12-27,RandomForest,0.014243599977865173,0.008804413684220714,1
AAPL,2017-12-28,RandomForest,0.02291351633583072,-0.00981347776339849,1
AAPL,2017-12-29,RandomForest,0.030255302519727856,-0.013973126807880532,1
AAPL,2018-01-02,RandomForest,0.012016584564953803,0.006416716277579096,1
AAPL,2018-01-03,RandomForest,0.011960828606375928,0.005836912962423787,1
AAPL,2018-01-04,RandomForest,0.013003905957597706,0.008956987352758874,1
AAPL,2018-01-05,RandomForest,0.01194258026671502,0.009194781352614985,1
AAPL,2018-01-08,RandomForest,0.010553424804342404,0.00653580648594985,1
AAPL,2018-01-09,RandomForest,0.027362298212314284,0.008082421928137157,1
AAPL,2018-01-10,RandomForest,0.028515514485431215,-0.00020436236655285093,1
AAPL,2018-01-11,RandomForest,0.018142532253877297,0.0003067482689074376,1
AAPL,2018-01-12,RandomForest,-0.0005080059355900834,0.003296369304917026,1
AAPL,2018-01-16,RandomForest,0.004824194540743454,0.009978898324032662,1
AAPL,2018-01-17,RandomForest,-0.027247471104262178,-0.0007326143561469444,1
AAPL,2018-01-18,RandomForest,-0.045464290520553896,-0.004750521317188052,1
AAPL,2018-01-19,RandomForest,-0.0389447420145711,-0.007109151900086204,1
AAPL,2018-01-22,RandomForest,-0.051073532661830456,-0.00970118998699246,1
AAPL,2018-01-23,RandomForest,-0.05687951463434138,-0.011130790849412611,1
AAPL,2018-01-24,RandomForest,-0.03897352474439786,-0.003817384395600623,1
AAPL,2018-01-25,RandomForest,-0.01946141321877093,-0.01507179460816109,1
AAPL,2018-01-26,RandomForest,-0.0641944317337182,-0.013916116788637857,1
AAPL,2018-01-29,RandomForest,-0.06828991597823564,-0.007637365435144974,1
AAPL,2018-01-30,RandomForest,-0.023597357944210362,0.005371927410480572,1
AAPL,2018-01-31,RandomForest,-0.047124273933785155,-0.005959671561901425,1
AAPL,2018-02-01,RandomForest,-0.07527637688069744,-0.005959671561901425,1
AAPL,2018-02-02,RandomForest,-0.02150953553418178,0.005402561760967401,1
AAPL,2018-02-05,RandomForest,0.04398624633316617,0.020505217445240066,1
AAPL,2018-02-06,RandomForest,0.012145188440370935,0.014115581941061718,1
AAPL,2018-02-07,RandomForest,0.05335614958808921,0.017026852484881002,1
AAPL,2018-02-08,RandomForest,0.11953067642701143,0.022634266040881017,1
AAPL,2018-02-09,RandomForest,0.10242324262856961,0.014352905213239918,1
AAPL,2018-02-12,RandomForest,0.05617313430627435,0.013553772078868346,1
AAPL,2018-02-13,RandomForest,0.040951938641924146,0.013960966769342983,1
AAPL,2018-02-14,RandomForest,0.030650009374027842,0.01333416840719614,1
AAPL,2018-02-15,RandomForest,0.014509588272343166,0.015186600026762101,1
AAPL,2018-02-16,RandomForest,0.0379284099210877,0.015496559037436448,1
AAPL,2018-02-20,RandomForest,0.038056428765475214,0.01589120392039867,1
AAPL,2018-02-21,RandomForest,0.04121114935040793,0.017963827902390022,1
AAPL,2018-02-22,RandomForest,0.01449309802406118,0.01563173749268221,1
AAPL,2018-02-23,RandomForest,0.004045748312355935,0.01292507141968021,1
AAPL,2018-02-26,RandomForest,-0.012013262106198241,0.008520581954715067,1
AAPL,2018-02-27,RandomForest,-0.00964143945077911,0.005016733760168557,1
AAPL,2018-02-28,RandomForest,-0.017347979040214123,0.012006002461471368,1
AAPL,2018-03-01,RandomForest,0.011085675022341368,0.015837058600740018,1
AAPL,2018-03-02,RandomForest,0.02139458773436176,0.014466381332915793,1
AAPL,2018-03-05,RandomForest,0.02771186242652024,0.016477243994030853,1
AAPL,2018-03-06,RandomForest,0.018678947917475153,0.0168193983695775,1
AAPL,2018-03-07,RandomForest,0.019482503748619262,0.0144851500067371,1
AAPL,2018-03-08,RandomForest,0.009664184726853708,0.00937264609687813,1
AAPL,2018-03-09,RandomForest,-0.010890196662895701,0.0073506094416075675,1
AAPL,2018-03-12,RandomForest,-0.03532914459732728,0.0055659265606171505,1
AAPL,2018-03-13,RandomForest,-0.026282372789958708,0.0008519640953922386,1
AAPL,2018-03-14,RandomForest,-0.040181618406444075,0.005568886047666689,1
AAPL,2018-03-15,RandomForest,-0.05485599817892106,-0.0004100908449731773,1
AAPL,2018-03-16,RandomForest,-0.07347458202478829,-0.004527833921393459,1
AAPL,2018-03-19,RandomForest,-0.014432156458090484,-0.017038033764158297,1
AAPL,2018-03-20,RandomForest,-0.039374551187464246,-0.027890082542691753,1
AAPL,2018-03-21,RandomForest,-0.02796771945034282,0.0011196614068126407,1
AAPL,2018-03-22,RandomForest,-0.006336582002927971,0.00781391732544106,1
AAPL,2018-03-23,RandomForest,0.010549048776874903,0.010495987254399446,1
AAPL,2018-03-26,RandomForest,-0.025351587807247666,0.008537839281146707,1
AAPL,2018-03-27,RandomForest,0.019425057942088264,0.010024792603354144,1
AAPL,2018-03-28,RandomForest,0.037962645404935325,0.009584378778822181,1
AAPL,2018-03-29,RandomForest,0.003576016528556991,0.009832027132503413,1
AAPL,2018-04-02,RandomForest,0.02021861592564056,0.011525781832327765,1
AAPL,2018-04-03,RandomForest,0.028861438298818598,0.012639482742135189,1
AAPL,2018-04-04,RandomForest,0.004836242557740178,0.00902064230221031,1
AAPL,2018-04-05,RandomForest,0.007754681807831121,0.010153958844532867,1
AAPL,2018-04-06,RandomForest,0.03771222029930188,0.011195381207273054,1
AAPL,2018-04-09,RandomForest,0.03393075774508825,0.011288042809322732,1
AAPL,2018-04-10,RandomForest,0.028801925311190857,0.010141760970311551,1
AAPL,2018-04-11,RandomForest,0.03131536100309984,0.012259283492868407,1
AAPL,2018-04-12,RandomForest,-0.007695009457976187,0.015062378667830289,1
AAPL,2018-04-13,RandomForest,-0.05156505332253292,0.016710648933804383,1
AAPL,2018-04-16,RandomForest,-0.060174815712597196,0.01559216185732645,1
AAPL,2018-04-17,RandomForest,-0.0858392592185625,0.011132881246170654,1
AAPL,2018-04-18,RandomForest,-0.0797905843256006,0.01678703224882371,1
AAPL,2018-04-19,RandomForest,-0.04965285756499205,0.01025703004713979,1
AAPL,2018-04-20,RandomForest,-0.02051654398195768,-0.0061996802549276805,1
AAPL,2018-04-23,RandomForest,0.00012108535001154053,0.012180016708725322,1
AAPL,2018-04-24,RandomForest,0.037805658694136435,0.008918232956394464,1
AAPL,2018-04-25,RandomForest,0.07894891435004592,0.011276646079859756,1
AAPL,2018-04-26,RandomForest,0.07715283083403102,0.013472429550781727,1
AAPL,2018-04-27,RandomForest,0.13251595887486212,0.01394850837319863,1
AAPL,2018-04-30,RandomForest,0.12041612094627285,0.011645911413618173,1
AAPL,2018-05-01,RandomForest,0.10023657540625841,0.014335627182842892,1
AAPL,2018-05-02,RandomForest,0.061108917987569455,0.01300042053573724,1
AAPL,2018-05-03,RandomForest,0.07433981770056697,0.01679767932642332,1
AAPL,2018-05-04,RandomForest,0.02984927894955325,0.01294614319775616,1
AAPL,2018-05-07,RandomForest,0.020066760938350026,0.007720488221462275,1
AAPL,2018-05-08,RandomForest,0.005959999013763317,0.013981776139332594,1
AAPL,2018-05-09,RandomForest,0.008249384656123793,0.013024529959904475,1
AAPL,2018-05-10,RandomForest,-0.012254871540408385,0.008486098623275522,1
AAPL,2018-05-11,RandomForest,-0.012089771433343888,0.013628536996429727,1
AAPL,2018-05-14,RandomForest,-0.0027642471637959742,0.013628536996429727,1
AAPL,2018-05-15,RandomForest,0.00386221126522468,0.00790535380643475,1
AAPL,2018-05-16,RandomForest,0.0009567753836530191,0.007200524769485255,1
AAPL,2018-05-17,RandomForest,0.00620363167272564,0.008011695646578689,1
AAPL,2018-05-18,RandomForest,0.012184146137390384,0.005674881692579938,1
AAPL,2018-05-21,RandomForest,0.001439327086518949,0.005364706378789733,1
AAPL,2018-05-22,RandomForest,0.0018165333364732472,0.005305682129717612,1
AAPL,2018-05-23,RandomForest,-0.00791082165061363,0.004819890410260244,1
AAPL,2018-05-24,RandomForest,0.011107802022165325,0.005479401339556335,1
AAPL,2018-05-25,RandomForest,0.01723397468836496,0.006572071593860168,1
AAPL,2018-05-29,RandomForest,0.02879190954430655,0.006762896802109597,1
AAPL,2018-05-30,RandomForest,0.03455975251237953,0.004840951935537299,1
AAPL,2018-05-31,RandomForest,0.03526549886183128,-0.007589279500917089,1
AAPL,2018-06-01,RandomForest,0.0076744713755223515,-0.002757436015472419,1
AAPL,2018-06-04,RandomForest,-0.003127498529127859,-0.0003048531453481165,1
AAPL,2018-06-05,RandomForest,-0.005328113801442602,-0.000519263400994165,1
AAPL,2018-06-06,RandomForest,-0.016908845738672462,0.0007251743283449787,1
AAPL,2018-06-07,RandomForest,-0.013749782536898403,0.0005848936003734876,1
AAPL,2018-06-08,RandomForest,-0.014919032161019197,0.002001718775731858,1
AAPL,2018-06-11,RandomForest,-0.013021482323267164,0.0018414036975564704,1
AAPL,2018-06-12,RandomForest,-0.03427333653126907,-0.0009627626115047417,1
AAPL,2018-06-13,RandomForest,-0.02202399970089597,0.0007663400083783523,1
AAPL,2018-06-14,RandomForest,-0.027987241405286634,0.0017077892933848127,1
AAPL,2018-06-15,RandomForest,-0.020758307064127957,0.004553853825162317,1
AAPL,2018-06-18,RandomForest,-0.03480946419332798,0.002835617416166184,1
AAPL,2018-06-19,RandomForest,-0.006785230617469606,-0.005550777748817288,1
AAPL,2018-06-20,RandomForest,-0.012546906668707947,0.00723210365694712,1
AAPL,2018-06-21,RandomForest,0.00021555055254607325,0.015059422402845952,1
AAPL,2018-06-22,RandomForest,0.0010275342551582245,0.01645435180368909,1
AAPL,2018-06-25,RandomForest,0.027501855084086868,-0.009316479096941195,1
AAPL,2018-06-26,RandomForest,-0.0027657048729843314,-0.015700348221783775,1
AAPL,2018-06-27,RandomForest,0.006733284146738017,-0.015883054975050145,1
AAPL,2018-06-28,RandomForest,0.013315567712226972,-0.01607057968051968,1
AAPL,2018-06-29,RandomForest,0.029550021880313304,0.021784203606327143,1
AAPL,2018-07-02,RandomForest,0.016935907229482128,0.01104735535907839,1
AAPL,2018-07-03,RandomForest,0.021531322849226653,-0.012160598691750329,1
AAPL,2018-07-05,RandomForest,0.030366629701519265,-0.015500978091482986,1
AAPL,2018-07-06,RandomForest,0.017875072338305875,-0.0021602396218636383,1
AAPL,2018-07-09,RandomForest,0.0017318993602286614,0.009990318875695728,1
AAPL,2018-07-10,RandomForest,0.005778467095154616,0.010176386727716027,1
AAPL,2018-07-11,RandomForest,0.013413054227405796,0.007702266170217148,1
AAPL,2018-07-12,RandomForest,0.004449630137642879,0.01014163439345849,1
AAPL,2018-07-13,RandomForest,0.0005750650441758154,0.010643312818347883,1
AAPL,2018-07-16,RandomForest,0.003666273534358444,0.00653580648594985,1
AAPL,2018-07-17,RandomForest,0.008095801474189201,0.008245868076551933,1
AAPL,2018-07-18,RandomForest,0.023213935561356314,0.008898289250529063,1
AAPL,2018-07-19,RandomForest,0.01214283802092364,0.006901116279350545,1
AAPL,2018-07-20,RandomForest,-0.002402796646394312,0.00650031477505151,1
AAPL,2018-07-23,RandomForest,-0.008872237029815433,0.0035350795508824143,1
AAPL,2018-07-24,RandomForest,-0.014041491078061408,-0.008140518230793592,1
AAPL,2018-07-25,RandomForest,0.03428838256466027,-0.013141842298971567,1
AAPL,2018-07-26,RandomForest,0.06786491680328077,-0.008339224985528396,1
AAPL,2018-07-27,RandomForest,0.08906652882804456,-0.006861029490215961,1
AAPL,2018-07-30,RandomForest,0.10088988413382971,-0.00303415307292188,1
AAPL,2018-07-31,RandomForest,0.08839167530146863,-0.011712605730242862,1
AAPL,2018-08-01,RandomForest,0.028536053682794993,0.00866149208904624,1
AAPL,2018-08-02,RandomForest,0.0071844609368865164,0.013214370517996905,1
AAPL,2018-08-03,RandomForest,0.001287836528123698,0.015109581334890066,1
AAPL,2018-08-06,RandomForest,0.0025471763189488517,0.014930321689890112,1
AAPL,2018-08-07,RandomForest,0.016298736227303046,0.013408813253009444,1
AAPL,2018-08-08,RandomForest,0.017984777888907955,0.013639323396019476,1
AAPL,2018-08-09,RandomForest,0.02483816451073495,0.009285757165847414,1
AAPL,2018-08-10,RandomForest,0.04842666633468218,0.010469469231292286,1
AAPL,2018-08-13,RandomForest,0.03155084571357358,0.009954491096391628,1
AAPL,2018-08-14,RandomForest,0.025220462817175715,0.00987321047975031,1
AAPL,2018-08-15,RandomForest,0.02287824164939689,0.010778101076370106,1
AAPL,2018-08-16,RandomForest,0.010172226364945747,0.005757412369781656,1
AAPL,2018-08-17,RandomForest,-0.006525935496894508,0.013002946829184164,1
AAPL,2018-08-20,RandomForest,0.011510215314217698,0.012785143158002908,1
AAPL,2018-08-21,RandomForest,0.021670420113458766,0.014444617763300128,1
AAPL,2018-08-22,RandomForest,0.036875411529115,0.014444617763300128,1
AAPL,2018-08-23,RandomForest,0.044271095604632826,0.014102463387753481,1
AAPL,2018-08-24,RandomForest,0.05306213585865183,0.010778101076370106,1
AAPL,2018-08-27,RandomForest,0.04781114415790655,0.010679920596670243,1
AAPL,2018-08-28,RandomForest,0.03263548753167789,0.012593556346024402,1
AAPL,2018-08-29,RandomForest,0.0005381349074013997,-0.005695584569217479,1
AAPL,2018-08-30,RandomForest,-0.016575706405881352,-0.0009096393017125712,1
AAPL,2018-08-31,RandomForest,-0.04085581017099593,0.004509245400296193,1
AAPL,2018-09-04,RandomForest,-0.0197493589652028,0.0046867114442010645,1
AAPL,2018-09-05,RandomForest,-0.02556544235652447,-0.0011830082831173858,1
AAPL,2018-09-06,RandomForest,0.014836385249933581,-0.004643184706779269,1
AAPL,2018-09-07,RandomForest,0.011477909027381106,-0.006154140707210628,1
AAPL,2018-09-10,RandomForest,-0.002060967236049649,-0.0030531591051931885,1
AAPL,2018-09-11,RandomForest,-0.02506131028171099,-0.0033242491641073397,1
AAPL,2018-09-12,RandomForest,-0.012213267851530318,-0.0027289954608760597,1
AAPL,2018-09-13,RandomForest,-0.028178862337147725,0.0025313540090902737,1
AAPL,2018-09-14,RandomForest,-0.027608877553074174,0.006722759888791782,1
AAPL,2018-09-17,RandomForest,0.013355992046228504,0.00791164603812412,1
AAPL,2018-09-18,RandomForest,0.018099162828167703,0.007619385186482451,1
AAPL,2018-09-19,RandomForest,0.009387491158787675,0.007508388201564336,1
AAPL,2018-09-20,RandomForest,0.022360515471869125,0.007712744414973809,1
AAPL,2018-09-21,RandomForest,0.03712190212181654,0.009034237632021267,1
AAPL,2018-09-24,RandomForest,0.02930363978187378,0.006034989416598222,2
AAPL,2018-09-25,RandomForest,0.0319096509628245,0.009234519503208041,2
AAPL,2018-09-26,RandomForest,0.052853845694570856,0.008731077422761782,2
AAPL,2018-09-27,RandomForest,0.013514223586807983,0.008985249621731578,2
AAPL,2018-09-28,RandomForest,-0.006423301858705988,0.01159052425501527,2
AAPL,2018-10-01,RandomForest,-0.015356630052204556,0.009260686204083107,2
AAPL,2018-10-02,RandomForest,-0.010511055955248483,0.008637733994762413,2
AAPL,2018-10-03,RandomForest,-0.06769524122837234,0.008221614017896,2
AAPL,2018-10-04,RandomForest,-0.0593885517089372,0.012544148866031802,2
AAPL,2018-10-05,RandomForest,-0.009719343438015837,0.011737344531591334,2
AAPL,2018-10-08,RandomForest,-0.02864574707731693,0.010797839869292414,2
AAPL,2018-10-09,RandomForest,-0.02080498754849569,0.002919833965991957,2
AAPL,2018-10-10,RandomForest,0.022324178010686868,0.0062122278295528134,2
AAPL,2018-10-11,RandomForest,0.007320852581710335,0.0017586527592662762,2
AAPL,2018-10-12,RandomForest,-0.012606462745100355,0.0063894224821470745,2
AAPL,2018-10-15,RandomForest,0.015136362245114832,8.14274952938763e-05,2
AAPL,2018-10-16,RandomForest,0.002610957706846495,-0.004807540043908742,2
AAPL,2018-10-17,RandomForest,-0.0275781332014986,-0.010833516050252331,2
AAPL,2018-10-18,RandomForest,0.017498416404154282,0.009496005008989726,2
AAPL,2018-10-19,RandomForest,-0.01372474437338711,0.013137498280429143,2
AAPL,2018-10-22,RandomForest,-0.03811457285225939,0.010687400586362332,2
AAPL,2018-10-23,RandomForest,-0.042338308010454906,0.010033074752028772,2
AAPL,2018-10-24,RandomForest,0.0175274526864857,0.01081766666439631,2
AAPL,2018-10-25,RandomForest,0.011010168182598257,0.018481786223721385,2
AAPL,2018-10-26,RandomForest,-0.04077699909481991,0.018225563580152423,2
AAPL,2018-10-29,RandomForest,-0.05017919619857247,0.015209465015841174,2
AAPL,2018-10-30,RandomForest,-0.04467907475756927,0.023066739542903787,2
AAPL,2018-10-31,RandomForest,-0.040711072928719894,0.020893207442154903,2
AAPL,2018-11-01,RandomForest,-0.05851214610128186,0.017577180492279063,2
AAPL,2018-11-02,RandomForest,-0.011069030591850937,0.014605974869009893,2
AAPL,2018-11-05,RandomForest,-0.033446799839220165,0.05540310073230332,2
AAPL,2018-11-06,RandomForest,-0.05334088481504751,0.05088712517451375,2
AAPL,2018-11-07,RandomForest,-0.1071599288564149,0.04697416237064976,2
AAPL,2018-11-08,RandomForest,-0.08192251124376682,0.05102801494130224,2
AAPL,2018-11-09,RandomForest,-0.05350387555780667,0.05497327848249389,2
AAPL,2018-11-12,RandomForest,-0.04279714607239371,0.07150261198006957,2
AAPL,2018-11-13,RandomForest,-0.07933197946767301,0.07814609064793852,2
AAPL,2018-11-14,RandomForest,-0.05364008305914714,0.08470655044912977,2
AAPL,2018-11-15,RandomForest,-0.0998902739804568,0.07796040087867613,2
AAPL,2018-11-16,RandomForest,-0.09771111755965622,0.07172644309387202,2
AAPL,2018-11-19,RandomForest,-0.06252039469850823,0.0769779318515374,2
AAPL,2018-11-20,RandomForest,0.0223755645967203,0.08033209281309678,2
AAPL,2018-11-21,RandomForest,0.015669163107030926,0.08844221507075649,2
AAPL,2018-11-23,RandomForest,0.036508211216359054,0.0828859967381256,2
AAPL,2018-11-26,RandomForest,0.058412733518097504,0.08642450417394487,2
AAPL,2018-11-27,RandomForest,0.014061335635253691,0.08844221507075649,2
AAPL,2018-11-28,RandomForest,-0.034376128058413946,0.0656591770128077,2
AAPL,2018-11-29,RandomForest,-0.06159822384719771,0.0809685556415088,2
AAPL,2018-11-30,RandomForest,-0.05028560697970974,0.08028425828957113,2
AAPL,2018-12-03,RandomForest,-0.08759867071244554,0.06695683584217411,2
AAPL,2018-12-04,RandomForest,-0.04295677046876056,0.07378667732702152,2
AAPL,2018-12-06,RandomForest,-0.02157721052826922,0.08043015599489048,2
AAPL,2018-12-07,RandomForest,-0.017865033899727933,0.0769779318515374,2
AAPL,2018-12-10,RandomForest,-0.03337236034008528,0.08264431917861412,2
AAPL,2018-12-11,RandomForest,-0.015181261732506113,0.08347551281408702,2
AAPL,2018-12-12,RandomForest,-0.048551006462397295,0.07716899930714628,2
AAPL,2018-12-13,RandomForest,-0.08259736240267901,0.07743649083839303,2
AAPL,2018-12-14,RandomForest,-0.08913439779736287,0.08101024081160155,2
AAPL,2018-12-17,RandomForest,-0.10436745280588144,0.08724587733092112,2
AAPL,2018-12-18,RandomForest,-0.053591736939699985,0.07732471749096227,2
AAPL,2018-12-19,RandomForest,-0.029461313641716336,0.08470655044912977,2
AAPL,2018-12-20,RandomForest,-0.0038259304260995775,0.08470655044912977,2
AAPL,2018-12-21,RandomForest,0.04650720120456353,0.0767414096091038,2
AAPL,2018-12-24,RandomForest,0.07552942666933493,0.08111586724513681,2
AAPL,2018-12-26,RandomForest,-0.0953108017236366,0.07066593807451119,2
AAPL,2018-12-27,RandomForest,-0.05052831000259994,0.08028425828957113,2
AAPL,2018-12-28,RandomForest,-0.05312664605177264,0.07945306465409824,2
AAPL,2018-12-31,RandomForest,-0.04431349838141185,0.07172644309387202,2
AAPL,2019-01-02,RandomForest,-0.029192069504937135,0.0741028744759313,2
AAPL,2019-01-03,RandomForest,0.08165153614096177,0.08033209281309678,2
AAPL,2019-01-04,RandomForest,0.027181714056486506,0.07066593807451119,2
AAPL,2019-01-07,RandomForest,0.013993194851757318,0.07934242838777389,2
AAPL,2019-01-08,RandomForest,0.015389684860243502,0.07276973336004412,2
AAPL,2019-01-09,RandomForest,0.010631887454437772,0.07217988432685843,2
AAPL,2019-01-10,RandomForest,0.01339351993145721,0.07125219136989835,2
AAPL,2019-01-11,RandomForest,0.029746025644371565,0.07126757081941068,2
AAPL,2019-01-14,RandomForest,0.022000326121471625,0.07343917272555724,2
AAPL,2019-01-15,RandomForest,0.005553135922841346,0.07217988432685843,2
AAPL,2019-01-16,RandomForest,-0.01445703150517863,0.06911739309324925,2
AAPL,2019-01-17,RandomForest,0.012190780689839809,0.06788796701351635,2
AAPL,2019-01-18,RandomForest,-0.0033155805298095142,0.06788796701351635,2
AAPL,2019-01-22,RandomForest,0.009001381372050865,0.07197061307972462,2
AAPL,2019-01-23,RandomForest,0.07360908250844966,0.05833050939438239,2
AAPL,2019-01-24,RandomForest,0.08998016643502393,0.05131382392290737,2
AAPL,2019-01-25,RandomForest,0.055527165556804814,0.041555588002967256,2
AAPL,2019-01-28,RandomForest,0.0956491023392827,0.04611879131568044,2
AAPL,2019-01-29,RandomForest,0.12606691652152602,0.06910444594114368,2
AAPL,2019-01-30,RandomForest,0.0544027053631968,0.026664092221939995,2
AAPL,2019-01-31,RandomForest,0.027037222914509274,0.02223036415128559,2
AAPL,2019-02-01,RandomForest,0.02774956596760858,0.014006410715950858,2
AAPL,2019-02-04,RandomForest,-0.006384552738805449,0.010219220411830906,2
AAPL,2019-02-05,RandomForest,-0.0146807184626786,0.004120274326094087,2
AAPL,2019-02-06,RandomForest,-0.019112470829264816,0.005505661519178169,2
AAPL,2019-02-07,RandomForest,0.0034659739802020972,0.007484506654998068,2
AAPL,2019-02-08,RandomForest,5.876563765361276e-05,0.006263383141671344,2
AAPL,2019-02-11,RandomForest,0.008853065776533997,0.008595578821750112,2
AAPL,2019-02-12,RandomForest,0.00667090153463179,0.005519109138060772,2
AAPL,2019-02-13,RandomForest,0.005171305070750698,0.008595578821750112,2
AAPL,2019-02-14,RandomForest,0.012704826644609923,0.007715642169525869,2
AAPL,2019-02-15,RandomForest,0.022356613688561566,0.008595578821750112,2
AAPL,2019-02-19,RandomForest,0.019891322749199913,0.007715642169525869,2
AAPL,2019-02-20,RandomForest,0.016508619649864054,0.006282299391115089,2
AAPL,2019-02-21,RandomForest,0.012217925475141334,0.008455899814153359,2
AAPL,2019-02-22,RandomForest,0.011562968783087602,0.0021049678902003723,2
AAPL,2019-02-25,RandomForest,0.009297877969765889,0.006005284219642649,2
AAPL,2019-02-26,RandomForest,0.006883749503796777,0.006308646473636861,2
AAPL,2019-02-27,RandomForest,-0.0020013159463245778,0.009797136984275949,2
AAPL,2019-02-28,RandomForest,-0.003754323565669959,-0.008089383486204704,2
AAPL,2019-03-01,RandomForest,-0.011773558449250654,-0.0077136705447316215,2
AAPL,2019-03-04,RandomForest,0.017344081535251687,-0.008035730385891237,2
AAPL,2019-03-05,RandomForest,0.03065007773153705,-0.006123141674881412,2
AAPL,2019-03-06,RandomForest,0.04119885673647672,-0.008358649298852614,2
AAPL,2019-03-07,RandomForest,0.06510173833072797,-0.008275906078116058,2
AAPL,2019-03-08,RandomForest,0.07639812648757194,-0.009357590527975324,2
AAPL,2019-03-11,RandomForest,0.05097823316346828,-0.005050178223830539,2
AAPL,2019-03-12,RandomForest,0.03106497909578465,-0.002420790660330171,2
AAPL,2019-03-13,RandomForest,0.03549582504240911,-0.0037993254287997623,2
AAPL,2019-03-14,RandomForest,0.06182972694518818,-0.0023110150262386523,2
AAPL,2019-03-15,RandomForest,0.02648841742966246,-0.0030748278587861225,2
AAPL,2019-03-18,RandomForest,0.0038293844581496206,-0.0035529099615541227,2
AAPL,2019-03-19,RandomForest,0.0013937167897046798,-0.004111463884049253,2
AAPL,2019-03-20,RandomForest,0.001647583099142258,-0.005306449455355244,2
AAPL,2019-03-21,RandomForest,-0.03265132307854046,0.0017577884047829204,2
AAPL,2019-03-22,RandomForest,-0.00575789274963423,0.01270800337453422,2
AAPL,2019-03-25,RandomForest,0.01324585449976956,0.011385506076306798,2
AAPL,2019-03-26,RandomForest,0.038706842259034646,0.012062433250636115,2
AAPL,2019-03-27,RandomForest,0.03650465330398611,0.008472195698788466,2
AAPL,2019-03-28,RandomForest,0.0369332704488754,0.008813216456495373,2
AAPL,2019-03-29,RandomForest,0.03711512581465781,0.009213363206069983,2
AAPL,2019-04-01,RandomForest,0.046329232621238337,0.009709258130774029,2
AAPL,2019-04-02,RandomForest,0.028244380024003757,0.009408355810909992,2
AAPL,2019-04-03,RandomForest,0.026977034120734933,0.015396371867815227,2
AAPL,2019-04-04,RandomForest,0.016658583897141588,0.008874726272590517,2
AAPL,2019-04-05,RandomForest,0.009492494373922078,0.004131750736847185,2
AAPL,2019-04-08,RandomForest,-0.00434785742025634,-0.00209173481960973,2
AAPL,2019-04-09,RandomForest,-0.0012533928990786647,-0.0036866931053438183,2
AAPL,2019-04-10,RandomForest,0.012511476807105959,-0.0043106621173352256,2
AAPL,2019-04-11,RandomForest,0.024679789554017617,-0.003690047547822504,2
AAPL,2019-04-12,RandomForest,0.028460836951495816,-0.004941347363265894,2
AAPL,2019-04-15,RandomForest,0.041409498613174334,-0.006147834206439589,2
AAPL,2019-04-16,RandomForest,0.039699171671063516,-0.005537767103830519,2
AAPL,2019-04-17,RandomForest,0.010584135321318522,0.00045108558165079,2
AAPL,2019-04-18,RandomForest,0.002158118618555749,-0.0038474830528453406,2
AAPL,2019-04-22,RandomForest,0.00039122803141800055,-0.0031565051181342667,2
AAPL,2019-04-23,RandomForest,-0.032822423029839065,-0.00245570545034832,2
AAPL,2019-04-24,RandomForest,0.016219492302348426,-0.0036884972901386507,2
AAPL,2019-04-25,RandomForest,0.01885224021093146,-0.0039032001071635496,2
AAPL,2019-04-26,RandomForest,0.03646611443544878,-0.003999941754140981,2
AAPL,2019-04-29,RandomForest,0.018913810633857997,-0.0034549708630217707,2
AAPL,2019-04-30,RandomForest,0.010913743784446206,-0.006746119593354015,2
AAPL,2019-05-01,RandomForest,-0.03619637019460564,0.010565428912797747,2
AAPL,2019-05-02,RandomForest,-0.04030599229158671,0.007873494203401797,2
AAPL,2019-05-03,RandomForest,-0.06522177185179179,0.010226738042716621,2
AAPL,2019-05-06,RandomForest,-0.1057405105162712,0.008813216456495373,2
AAPL,2019-05-07,RandomForest,-0.0664180023409432,0.011743593262253802,2
AAPL,2019-05-08,RandomForest,-0.0554202729167983,0.010797839869292414,2
AAPL,2019-05-09,RandomForest,-0.04936216512222058,0.009736311524179602,2
AAPL,2019-05-10,RandomForest,-0.041484830332858436,0.009950460798037597,2
AAPL,2019-05-13,RandomForest,-0.014161258989423664,-0.005682294410294595,2
AAPL,2019-05-14,RandomForest,-0.01091887263839264,0.006519239001651784,2
AAPL,2019-05-15,RandomForest,-0.04263555392586926,0.01140307382455338,2
AAPL,2019-05-16,RandomForest,-0.054819058680915855,0.015338176345249492,2
AAPL,2019-05-17,RandomForest,-0.053068744466841955,0.034260581196148075,2
AAPL,2019-05-20,RandomForest,-0.02654425659910087,0.06305701613398637,2
AAPL,2019-05-21,RandomForest,-0.04941068371056745,0.05099392302744862,2
AAPL,2019-05-22,RandomForest,-0.024510407922300637,0.05808744465760833,2
AAPL,2019-05-23,RandomForest,-0.025548087900177263,0.08126994646055856,2
AAPL,2019-05-24,RandomForest,-0.03168125129317423,0.08347551281408702,2
AAPL,2019-05-28,RandomForest,0.00791126345761084,0.08504708756978877,2
AAPL,2019-05-29,RandomForest,0.029090165006119273,0.0876288266329934,2
AAPL,2019-05-30,RandomForest,0.038811119261370486,0.0910737872877836,2
AAPL,2019-05-31,RandomForest,0.08613677021825095,0.09345844750999378,2
AAPL,2019-06-03,RandomForest,0.11125207886502642,0.09320513722792753,2
AAPL,2019-06-04,RandomForest,0.08444642406220049,0.07000055756610876,2
AAPL,2019-06-05,RandomForest,0.06382182831375482,0.07527994574515678,2
AAPL,2019-06-06,RandomForest,0.04821276888006332,0.07211232720998353,2
AAPL,2019-06-07,RandomForest,0.013620648017659054,0.05039137873003827,2
AAPL,2019-06-10,RandomForest,0.00680234107350719,0.06784933940973609,2
AAPL,2019-06-11,RandomForest,0.01868478606145274,0.016885751527763955,2
AAPL,2019-06-12,RandomForest,0.018950498903690827,0.017919108747708454,2
AAPL,2019-06-13,RandomForest,0.02735024662592167,0.012694157074267466,2
AAPL,2019-06-14,RandomForest,0.0313376884032599,0.0058226276891856586,2
AAPL,2019-06-17,RandomForest,0.02418897157088895,0.005010524406185519,2
AAPL,2019-06-18,RandomForest,-0.014512231678380894,0.011769395218105327,2
AAPL,2019-06-19,RandomForest,0.009753942801359106,0.010100746576534196,2
AAPL,2019-06-20,RandomForest,0.0014038389148660624,0.009797384322539985,2
AAPL,2019-06-21,RandomForest,-0.004326455349850211,0.004327675661587207,2
AAPL,2019-06-24,RandomForest,0.014956379603985548,0.0015361352233968161,2
AAPL,2019-06-25,RandomForest,0.03661068623541497,0.012166851314981264,2
AAPL,2019-06-26,RandomForest,0.023072914615412943,0.007233826169669377,2
AAPL,2019-06-27,RandomForest,0.022479079615767672,0.010178544664954634,2
AAPL,2019-06-28,RandomForest,0.010610273595171194,0.009234272164944005,2
AAPL,2019-07-01,RandomForest,-0.0015380850674604485,0.0015958933603706816,2
AAPL,2019-07-02,RandomForest,0.002466437530287191,-0.00828639519401288,2
AAPL,2019-07-03,RandomForest,-0.01301324038938756,-0.008532277125606521,2
AAPL,2019-07-05,RandomForest,-0.004553470987067598,-0.007867743345304348,2
AAPL,2019-07-08,RandomForest,0.025947589799489856,-0.006272791709223605,2
AAPL,2019-07-09,RandomForest,0.016199359008525427,-0.010507675297260637,2
AAPL,2019-07-10,RandomForest,0.0005903723673374994,-0.01018561545610102,2
AAPL,2019-07-11,RandomForest,0.019380507008076142,-0.010004850045618694,2
AAPL,2019-07-12,RandomForest,-0.003492572170076369,-0.011401027028624791,2
AAPL,2019-07-15,RandomForest,0.009794742707164295,-0.007654417127140194,2
AAPL,2019-07-16,RandomForest,0.02122249176547153,-0.01011252423633121,2
AAPL,2019-07-17,RandomForest,0.02616223235518489,-0.008982735217568856,2
AAPL,2019-07-18,RandomForest,0.006613097439364113,-0.009300730940872807,2
AAPL,2019-07-19,RandomForest,0.02542090452144108,-0.009396538736547584,2
AAPL,2019-07-22,RandomForest,0.011871562760709109,-0.008679868891914223,2
AAPL,2019-07-23,RandomForest,-0.0002873713440021408,-0.008547427540924878,2
AAPL,2019-07-24,RandomForest,0.020941876946212412,-0.007867743345304348,2
AAPL,2019-07-25,RandomForest,0.006810744779490507,-0.00858593022591999,2
AAPL,2019-07-26,RandomForest,-0.01790713659303944,-0.011401027028624791,2
AAPL,2019-07-29,RandomForest,-0.07792843661043891,-0.008210217284446906,2
AAPL,2019-07-30,RandomForest,-0.05642285271134817,-0.00725100949223642,2
AAPL,2019-07-31,RandomForest,-0.06571546969252773,-0.005542263253471536,2
AAPL,2019-08-01,RandomForest,-0.02398902471430331,-0.006882858811832676,2
AAPL,2019-08-02,RandomForest,-0.011108392908009024,0.003975780521757464,2
AAPL,2019-08-05,RandomForest,0.04086949752163349,0.0012475874232179057,2
AAPL,2019-08-06,RandomForest,0.06479176330229519,0.00034000627907410964,2
AAPL,2019-08-07,RandomForest,0.02251002635737942,0.010384886820425336,2
AAPL,2019-08-08,RandomForest,-0.004539366321566041,-0.0001258336763141833,2
AAPL,2019-08-09,RandomForest,0.027414235972553547,-0.003915042061083707,2
AAPL,2019-08-12,RandomForest,0.04923226961267346,0.006172008791138672,2
AAPL,2019-08-13,RandomForest,0.00665172424970728,0.004024486397905929,2
AAPL,2019-08-14,RandomForest,0.04877923681076579,-0.005844999833245505,2
AAPL,2019-08-15,RandomForest,0.0531377164405773,0.00322041522845885,2
AAPL,2019-08-16,RandomForest,-0.01869255454901908,0.0014659598974109734,2
AAPL,2019-08-19,RandomForest,-0.018350649598043556,0.007597511297188245,2
AAPL,2019-08-20,RandomForest,-0.029473545444876903,0.007973616536561616,2
AAPL,2019-08-21,RandomForest,-0.03343687426674913,0.005517605311294384,2
AAPL,2019-08-22,RandomForest,-0.016238457220081215,0.008251506192016802,2
AAPL,2019-08-23,RandomForest,0.030102761208212758,0.004027956629992771,2
AAPL,2019-08-26,RandomForest,-0.00382580092359186,0.0065285771419711595,2
AAPL,2019-08-27,RandomForest,0.024637787827490154,0.006527234488286493,2
AAPL,2019-08-28,RandomForest,0.03770714793342167,0.009029461225749552,2
AAPL,2019-08-29,RandomForest,0.020333947505580374,0.00819086143476191,2
AAPL,2019-08-30,RandomForest,0.026013249549172945,0.006855961961892485,2
AAPL,2019-09-03,RandomForest,0.0534759515372063,0.007573031121779468,2
AAPL,2019-09-04,RandomForest,0.06883694711444543,0.006259524388537335,2
AAPL,2019-09-05,RandomForest,0.04599600568282125,0.006965172394392517,2
AAPL,2019-09-06,RandomForest,0.02574307507246787,0.00889918841400836,2
AAPL,2019-09-09,RandomForest,0.026754485901769876,0.00889918841400836,2
AAPL,2019-09-10,RandomForest,0.01845857039489096,0.0026074252205287663,2
AAPL,2019-09-11,RandomForest,-0.0036675449544677496,0.004571517213220594,2
AAPL,2019-09-12,RandomForest,-0.009547467666257803,0.01069922341893028,2
AAPL,2019-09-13,RandomForest,-0.004662914218166669,0.008175721703168479,2
AAPL,2019-09-16,RandomForest,-0.005366325682669371,0.010170701904611055,2
AAPL,2019-09-17,RandomForest,-0.01368372811020302,0.009516725460064194,2
AAPL,2019-09-18,RandomForest,-0.00781063134092741,0.008357322470550658,2
AAPL,2019-09-19,RandomForest,-0.0048425264960147985,0.006608736721858524,3
AAPL,2019-09-20,RandomForest,0.0050063120238685865,0.007362173176058445,3
AAPL,2019-09-23,RandomForest,0.024003402355840642,0.004256379670492054,3
AAPL,2019-09-24,RandomForest,0.031743920332925946,0.004094866261675041,3
AAPL,2019-09-25,RandomForest,-0.009365234356031427,0.003817393987433128,3
AAPL,2019-09-26,RandomForest,0.004229301831834453,0.0037828217596130253,3
AAPL,2019-09-27,RandomForest,0.03742806452656011,0.004094866261675041,3
AAPL,2019-09-30,RandomForest,0.013796466199694324,-0.0005857193374803101,3
AAPL,2019-10-01,RandomForest,-0.000845986551723743,0.002949819944045874,3
AAPL,2019-10-02,RandomForest,0.03685577162164999,-0.003976091127427767,3
AAPL,2019-10-03,RandomForest,0.04197981370820392,0.002613734299248034,3
AAPL,2019-10-04,RandomForest,0.040527004811393263,-0.007296592602763801,3
AAPL,2019-10-07,RandomForest,0.03880046561287043,-0.008334029361513506,3
AAPL,2019-10-08,RandomForest,0.048663199405855284,-0.00632903776278034,3
AAPL,2019-10-09,RandomForest,0.032330712899044656,-0.0007246084783228799,3
AAPL,2019-10-10,RandomForest,0.022556517760947914,-0.003278445410100933,3
AAPL,2019-10-11,RandomForest,0.0008465097712135883,-0.0014795846650999967,3
AAPL,2019-10-14,RandomForest,0.019671651072029617,-4.317343005527316e-06,3
AAPL,2019-10-15,RandomForest,0.019717830958184468,-0.000609553860226362,3
AAPL,2019-10-16,RandomForest,0.037590004530036136,-0.0007164438763843248,3
AAPL,2019-10-17,RandomForest,0.035276956344378,0.0008952629489533075,3
AAPL,2019-10-18,RandomForest,0.04301858594038488,0.003225261146183966,3
AAPL,2019-10-21,RandomForest,0.03550803092201171,0.00010603683155671444,3
AAPL,2019-10-22,RandomForest,0.013877191296770564,0.004699987871289415,3
AAPL,2019-10-23,RandomForest,0.000329029726515051,-0.00029412711722957504,3
AAPL,2019-10-24,RandomForest,0.021266096762839082,0.004257237973002462,3
AAPL,2019-10-25,RandomForest,0.037472794224285844,-0.0015515180686645085,3
AAPL,2019-10-28,RandomForest,0.033928883135343924,-0.0013259030323052579,3
AAPL,2019-10-29,RandomForest,0.05688692495671677,0.00016429261818903942,3
AAPL,2019-10-30,RandomForest,0.057469292870410804,0.0022997342560786742,3
AAPL,2019-10-31,RandomForest,0.04602382645519554,-0.0010148712481146298,3
AAPL,2019-11-01,RandomForest,0.019939673222496346,-0.0010148712481146298,3
AAPL,2019-11-04,RandomForest,0.02130939743284399,0.002563566858551072,3
AAPL,2019-11-05,RandomForest,0.021842571292717716,0.0022201058079047453,3
AAPL,2019-11-06,RandomForest,0.031192799262391047,0.0022201058079047453,3
AAPL,2019-11-07,RandomForest,0.012373514220420878,-0.0023762515009069355,3
AAPL,2019-11-08,RandomForest,0.021603950229063917,0.0015396801225702863,3
AAPL,2019-11-11,RandomForest,0.01868830458511872,-0.0026250340945477074,3
AAPL,2019-11-12,RandomForest,0.016529439773923515,-9.290788855612769e-07,3
AAPL,2019-11-13,RandomForest,-0.00483961956571588,-0.005392611435302638,3
AAPL,2019-11-14,RandomForest,-0.0023988834586415875,0.00111605682278246,3
AAPL,2019-11-15,RandomForest,-0.01497600944136479,-0.0023762515009069355,3
AAPL,2019-11-18,RandomForest,-0.0027328732169759062,-0.0015031415444463087,3
AAPL,2019-11-19,RandomForest,-0.007510580395287181,0.0003607939649463118,3
AAPL,2019-11-20,RandomForest,0.0176674286228522,0.0017964825081169195,3
AAPL,2019-11-21,RandomForest,0.019999477223271445,0.0022997342560786742,3
AAPL,2019-11-22,RandomForest,0.009091710130884723,0.0022997342560786742,3
AAPL,2019-11-25,RandomForest,-0.02597922243083295,-0.0023738452318279556,3
AAPL,2019-11-26,RandomForest,-0.009648461503209083,0.000691669843502224,3
AAPL,2019-11-27,RandomForest,-0.008437707200420697,-0.004769947929549211,3
AAPL,2019-11-29,RandomForest,0.012946513473454768,0.001101593039613131,3
AAPL,2019-12-02,RandomForest,0.010448033407204571,0.0011978438131722618,3
AAPL,2019-12-03,RandomForest,0.034804420551312054,0.0006682487866605466,3
AAPL,2019-12-04,RandomForest,0.034499793126619105,-0.0037896995375446456,3
AAPL,2019-12-05,RandomForest,0.022140216996809903,-0.004032808664970418,3
AAPL,2019-12-06,RandomForest,0.01640111328740579,-0.006741048421623894,3
AAPL,2019-12-09,RandomForest,0.04847867587551735,0.0005882999792752891,3
AAPL,2019-12-10,RandomForest,0.0444354874519699,-0.00025216852908197494,3
AAPL,2019-12-11,RandomForest,0.0331276426849334,-0.0004044843159135554,3
AAPL,2019-12-12,RandomForest,0.03153308781876296,-1.1392891027413387e-05,3
AAPL,2019-12-13,RandomForest,0.015591515499731479,-0.0019767338001542324,3
AAPL,2019-12-16,RandomForest,0.014793230912644395,-9.798303524872383e-05,3
AAPL,2019-12-17,RandomForest,0.013765101250162948,0.004495968004483977,3
AAPL,2019-12-18,RandomForest,0.03635577651961652,0.004072344704696151,3
AAPL,2019-12-19,RandomForest,0.03492612423773589,0.0030602794613133694,3
AAPL,2019-12-20,RandomForest,0.043229363102913254,0.0030602794613133694,3
AAPL,2019-12-23,RandomForest,0.033978928471348535,-0.0023738452318279556,3
AAPL,2019-12-24,RandomForest,0.05656616873515996,0.0007844172647341383,3
AAPL,2019-12-26,RandomForest,0.025938835305041597,-0.00460485882260396,3
AAPL,2019-12-27,RandomForest,0.034506753090824516,0.0007844172647341383,3
AAPL,2019-12-30,RandomForest,0.023566160935842184,-0.0015031415444463087,3
AAPL,2019-12-31,RandomForest,0.032487739787979475,-0.0012680667026052717,3
AAPL,2020-01-02,RandomForest,0.03089759864453656,-0.004663916664311993,3
AAPL,2020-01-03,RandomForest,0.043371366815333934,0.0005958688067873487,3
AAPL,2020-01-06,RandomForest,0.057238116087792834,-0.0016046129090869705,3
AAPL,2020-01-07,RandomForest,0.04789054973037277,0.0005958688067873487,3
AAPL,2020-01-08,RandomForest,0.02688074381739125,-0.004369783980762922,3
AAPL,2020-01-09,RandomForest,0.0181179362653745,-0.005155130324382622,3
AAPL,2020-01-10,RandomForest,0.027068102438458697,0.00023414576295547557,3
AAPL,2020-01-13,RandomForest,-0.0012308134302312368,-0.0055508350401784826,3
AAPL,2020-01-14,RandomForest,0.01605450606414438,0.0003607939649463118,3
AAPL,2020-01-15,RandomForest,0.025342205574887977,0.0003607939649463118,3
AAPL,2020-01-16,RandomForest,0.009738703698134676,-0.005005022771390248,3
AAPL,2020-01-17,RandomForest,-0.03068431474270239,-0.004607265091682939,3
AAPL,2020-01-21,RandomForest,0.0035382419483638294,0.0017964825081169195,3
AAPL,2020-01-22,RandomForest,0.02090004380248711,0.0007844172647341383,3
AAPL,2020-01-23,RandomForest,0.014534920966783105,-0.0007177952008266094,3
AAPL,2020-01-24,RandomForest,-0.02764568192917838,0.0003607939649463118,3
AAPL,2020-01-27,RandomForest,-0.0009383198624960398,0.003457631877816712,3
AAPL,2020-01-28,RandomForest,0.003651220240519004,-0.010568565610626501,3
AAPL,2020-01-29,RandomForest,-0.008910007109900975,-0.011497102796104854,3
AAPL,2020-01-30,RandomForest,0.004137518777088678,-0.009996965650109636,3
AAPL,2020-01-31,RandomForest,0.03644312718430731,-0.010676576893952733,3
AAPL,2020-02-03,RandomForest,0.044233363592257824,-0.008905703026494979,3
AAPL,2020-02-04,RandomForest,0.004762611264161443,-0.010774924505207584,3
AAPL,2020-02-05,RandomForest,0.02030330077578446,-0.01013108086928864,3
AAPL,2020-02-06,RandomForest,0.0013251646048066945,-0.012916918707707815,3
AAPL,2020-02-07,RandomForest,0.015373283826650708,-0.010752759908442234,3
AAPL,2020-02-10,RandomForest,-0.007930667283132409,-0.01013108086928864,3
AAPL,2020-02-11,RandomForest,0.012546537845568695,-0.008673018650002048,3
AAPL,2020-02-12,RandomForest,-0.021087977457279194,-0.01464843124720532,3
AAPL,2020-02-13,RandomForest,-0.036383770067682675,-0.01160006790218485,3
AAPL,2020-02-14,RandomForest,-0.08238161153163259,-0.01160006790218485,3
AAPL,2020-02-18,RandomForest,-0.09692771022213897,-0.010815470292041638,3
AAPL,2020-02-19,RandomForest,-0.09569868342163756,-0.010374717480115094,3
AAPL,2020-02-20,RandomForest,-0.1460508868445718,-0.00907051523539264,3
AAPL,2020-02-21,RandomForest,-0.126784802370555,-0.011683969391657207,3
AAPL,2020-02-24,RandomForest,0.0021122016002066424,-0.001651072084455149,3
AAPL,2020-02-25,RandomForest,0.004304433537995811,-0.0021930495220670236,3
AAPL,2020-02-26,RandomForest,0.03447804752984518,-0.0041518673846159555,3
AAPL,2020-02-27,RandomForest,0.07092740971142542,0.012206180629596561,3
AAPL,2020-02-28,RandomForest,0.05732321560898668,0.017404978544951214,3
AAPL,2020-03-02,RandomForest,-0.10923279226910765,0.01622531393553717,3
AAPL,2020-03-03,RandomForest,-0.013756543993170722,0.012167216854641758,3
AAPL,2020-03-04,RandomForest,-0.09020946389721918,0.009240911789568202,3
AAPL,2020-03-05,RandomForest,-0.15256715043089553,0.004361928053620209,3
AAPL,2020-03-06,RandomForest,-0.03826544208555116,0.007473028609714249,3
AAPL,2020-03-09,RandomForest,-0.09001784141144542,0.010143463748911423,3
AAPL,2020-03-10,RandomForest,-0.11382902339067646,0.007932222341061229,3
AAPL,2020-03-11,RandomForest,-0.10441851079927544,0.008969302577656563,3
AAPL,2020-03-12,RandomForest,-0.01389843629291354,0.013814111984790467,3
AAPL,2020-03-13,RandomForest,-0.1753067940016867,0.005026824629468518,3
AAPL,2020-03-16,RandomForest,-0.07365505538204109,0.010654468633596498,3
AAPL,2020-03-17,RandomForest,-0.023649628279527768,0.00710831297194512,3
AAPL,2020-03-18,RandomForest,-0.004661962216113813,0.008622631322312441,3
AAPL,2020-03-19,RandomForest,0.055805095297273954,0.010898039540098759,3
AAPL,2020-03-20,RandomForest,0.08070165707052968,0.01334933593233318,3
AAPL,2020-03-23,RandomForest,0.1356686360334558,0.01334933593233318,3
AAPL,2020-03-24,RandomForest,0.030014707508414284,0.006233588655002752,3
AAPL,2020-03-25,RandomForest,-0.018776676503007295,0.006074437371606538,3
AAPL,2020-03-26,RandomForest,-0.05227521827493797,0.007241041898042526,3
AAPL,2020-03-27,RandomForest,-0.025551046871909677,0.006460216465638892,3
AAPL,2020-03-30,RandomForest,0.03006142592764549,0.007461942806526781,3
AAPL,2020-03-31,RandomForest,0.02021310174904145,0.009633799283133728,3
AAPL,2020-04-01,RandomForest,0.10443747516370383,0.0065616662289336245,3
AAPL,2020-04-02,RandomForest,0.09414945481266823,0.006041177085580069,3
AAPL,2020-04-03,RandomForest,0.13189140885726158,0.006866557003336847,3
AAPL,2020-04-06,RandomForest,0.0936490667463672,0.005738989788235096,3
AAPL,2020-04-07,RandomForest,0.09636494674888962,0.012095353734428115,3
AAPL,2020-04-08,RandomForest,0.07749850502821731,0.00904704006153475,3
AAPL,2020-04-09,RandomForest,0.055263378740116664,0.008567065343473589,3
AAPL,2020-04-13,RandomForest,0.013467822482472691,0.018230015549893834,3
AAPL,2020-04-14,RandomForest,-0.06507576868712461,0.012504692019317396,3
AAPL,2020-04-15,RandomForest,-0.02928638146895879,0.011983892497727548,3
AAPL,2020-04-16,RandomForest,-0.04067089090409781,0.006080869229474295,3
AAPL,2020-04-17,RandomForest,0.0006010894550632084,0.011298279777828822,3
AAPL,2020-04-20,RandomForest,0.02253274696174401,0.00947169551127382,3
AAPL,2020-04-21,RandomForest,0.038044647948514365,0.01140031540863077,3
AAPL,2020-04-22,RandomForest,0.04212258548574521,0.007037993974998613,3
AAPL,2020-04-23,RandomForest,0.06824658525549876,0.010523202423470561,3
AAPL,2020-04-24,RandomForest,0.02155713844486029,0.016262298889869114,3
AAPL,2020-04-27,RandomForest,0.03527898223986714,0.023706423405533365,3
AAPL,2020-04-28,RandomForest,0.06813097548751434,0.03576350433448484,3
AAPL,2020-04-29,RandomForest,0.04483354809119455,0.023344337954455802,3
AAPL,2020-04-30,RandomForest,0.03383266309108435,0.01519866473885335,3
AAPL,2020-05-01,RandomForest,0.07575853903195573,0.035465225058361215,3
AAPL,2020-05-04,RandomForest,0.07744171284461898,0.01730139900361937,3
AAPL,2020-05-05,RandomForest,0.04937848229408304,0.0039801206349973535,3
AAPL,2020-05-06,RandomForest,0.026121120231142214,0.004431121238261277,3
AAPL,2020-05-07,RandomForest,0.021854160218644614,0.004927672499236003,3
AAPL,2020-05-08,RandomForest,-0.007803186334145229,0.0044263763104353485,3
AAPL,2020-05-11,RandomForest,-0.00015872734517652365,0.004091284293424107,3
AAPL,2020-05-12,RandomForest,0.005555454817217864,0.006587449112604965,3
AAPL,2020-05-13,RandomForest,0.03764019159244203,0.006587449112604965,3
AAPL,2020-05-14,RandomForest,0.023615711779962245,0.007061007023483993,3
AAPL,2020-05-15,RandomForest,0.03633259727969418,0.006587449112604965,3
AAPL,2020-05-18,RandomForest,0.005619739882204655,0.007401294043571329,3
AAPL,2020-05-19,RandomForest,0.015871312862669296,-0.010683615031702613,3
AAPL,2020-05-20,RandomForest,-0.0030699299932239743,-0.012183752177697833,3
AAPL,2020-05-21,RandomForest,0.0034400620071375343,-0.010683615031702613,3
AAPL,2020-05-22,RandomForest,0.009282329849755744,-0.01094139561047798,3
AAPL,2020-05-26,RandomForest,0.02086930539232279,-0.010683615031702613,3
AAPL,2020-05-27,RandomForest,0.022036514479204294,-0.008735293207600851,3
AAPL,2020-05-28,RandomForest,0.012788669898833094,0.0038252585479813545,3
AAPL,2020-05-29,RandomForest,0.04264945864770131,0.0022997342560786742,3
AAPL,2020-06-01,RandomForest,0.0360725277066869,-0.0026943807324403156,3
AAPL,2020-06-02,RandomForest,0.06386518203597902,0.0015928468381233229,3
AAPL,2020-06-03,RandomForest,0.08526065964432927,-0.0010871556245939185,3
AAPL,2020-06-04,RandomForest,0.042131951377062604,0.0022997342560786742,3
AAPL,2020-06-05,RandomForest,0.022020950473725653,-0.0011870138914626884,3
AAPL,2020-06-08,RandomForest,0.028579358974492486,0.0015132183899493942,3
AAPL,2020-06-09,RandomForest,0.02351744026892799,-0.0010148712481146298,3
AAPL,2020-06-10,RandomForest,-0.0035426428738107862,-0.002428292717806075,3
AAPL,2020-06-11,RandomForest,0.04712731991037833,-0.010913413897040028,3
AAPL,2020-06-12,RandomForest,0.032231584794773394,-0.01094139561047798,3
AAPL,2020-06-15,RandomForest,0.0462989175572055,-0.012583916126484122,3
AAPL,2020-06-16,RandomForest,0.04104231112982748,-0.011504253993009764,3
AAPL,2020-06-17,RandomForest,0.024090630211302644,0.008263672299896756,3
AAPL,2020-06-18,RandomForest,0.0372729812546273,0.008263672299896756,3
AAPL,2020-06-19,RandomForest,0.01118025958581148,0.0076465633650685235,3
AAPL,2020-06-22,RandomForest,0.008108634820558125,0.007816475448234996,3
AAPL,2020-06-23,RandomForest,-0.004720092945603271,0.007823626645139905,3
AAPL,2020-06-24,RandomForest,0.011248020149745797,0.00528264774765434,3
AAPL,2020-06-25,RandomForest,-0.0020010778825945152,0.006364348443890056,3
AAPL,2020-06-26,RandomForest,0.05717859337343589,0.005581877287990039,3
AAPL,2020-06-29,RandomForest,0.03015643604328999,0.0044263763104353485,3
AAPL,2020-06-30,RandomForest,0.045422097567130226,0.004935984874578998,3
AAPL,2020-07-01,RandomForest,0.05190751719527542,0.0051609057548392635,3
AAPL,2020-07-02,RandomForest,0.05374747316871664,0.0051609057548392635,3
AAPL,2020-07-06,RandomForest,0.021559497822904117,0.006757361195771437,3
AAPL,2020-07-07,RandomForest,0.041696676693380175,0.005526832700340615,3
AAPL,2020-07-08,RandomForest,0.024988713120358552,0.006757361195771437,3
AAPL,2020-07-09,RandomForest,0.008041595727358075,0.00747618842814766,3
AAPL,2020-07-10,RandomForest,0.004248145362411249,0.008263672299896756,3
AAPL,2020-07-13,RandomForest,0.030164100278382122,0.007638121469944363,3
AAPL,2020-07-14,RandomForest,-0.0005923594889164496,0.007823626645139905,3
AAPL,2020-07-15,RandomForest,-0.004630244978090725,0.008535302680611217,3
AAPL,2020-07-16,RandomForest,-0.03809996697410756,-0.01091419272926434,3
AAPL,2020-07-17,RandomForest,-0.03853988389861207,-0.010576725015544653,3
AAPL,2020-07-20,RandomForest,-0.03606759252814962,-0.011497102796104854,3
AAPL,2020-07-21,RandomForest,-0.03863391673725258,-0.010683615031702613,3
AAPL,2020-07-22,RandomForest,-0.0229508273810769,-0.010683615031702613,3
AAPL,2020-07-23,RandomForest,0.03602786848525397,-0.010676576893952733,3
AAPL,2020-07-24,RandomForest,0.14732999415843095,-0.008905703026494979,3
AAPL,2020-07-27,RandomForest,0.1490088329165744,-0.00925094446730271,3
AAPL,2020-07-28,RandomForest,0.1760006616909604,-0.011208348987082997,3
AAPL,2020-07-29,RandomForest,0.1580650014359919,-0.009243793270397802,3
AAPL,2020-07-30,RandomForest,0.18414037804583883,-0.009643957219184091,3
AAPL,2020-07-31,RandomForest,0.047551659997069784,0.02694950070461291,3
AAPL,2020-08-03,RandomForest,0.036656193020500494,0.02694950070461291,3
AAPL,2020-08-04,RandomForest,-0.0008462943733721362,0.0296448385569531,3
AAPL,2020-08-05,RandomForest,0.028631395751522515,0.026051886739280775,3
AAPL,2020-08-06,RandomForest,0.011543949298434608,0.02655455048006576,3
AAPL,2020-08-07,RandomForest,0.03415437242977304,0.03977092922077083,3
AAPL,2020-08-10,RandomForest,0.016677285115727747,0.025546844952327022,3
AAPL,2020-08-11,RandomForest,0.056571537933512994,0.04144663890429946,3
AAPL,2020-08-12,RandomForest,0.02386957960686442,0.02688990152768739,3
AAPL,2020-08-13,RandomForest,0.028388794139864837,0.021105143695486092,3
AAPL,2020-08-14,RandomForest,0.0823489707997207,0.022028920553446595,3
AAPL,2020-08-17,RandomForest,0.09816106715200057,0.030190130704538617,3
AAPL,2020-08-18,RandomForest,0.08015129085456985,0.021469849919855122,3
AAPL,2020-08-19,RandomForest,0.09346864285074741,0.021469849919855122,3
AAPL,2020-08-20,RandomForest,0.05694358489940621,0.012173444648276577,3
AAPL,2020-08-21,RandomForest,0.0035179043653106312,0.021772284451364064,3
AAPL,2020-08-24,RandomForest,0.02528673269375381,0.021693569505824968,3
AAPL,2020-08-25,RandomForest,0.07494499128191667,0.0318920988515943,3
AAPL,2020-08-26,RandomForest,0.03855049050651216,0.021795426013331492,3
AAPL,2020-08-27,RandomForest,-0.0330373691467758,0.035660455373196606,3
AAPL,2020-08-28,RandomForest,-0.03082767694491384,0.0072045580474331995,3
AAPL,2020-08-31,RandomForest,-0.1256976234635141,0.006757361195771437,3
AAPL,2020-09-01,RandomForest,-0.12565203004377967,0.004273586205782976,3
AAPL,2020-09-02,RandomForest,-0.13630137757762595,0.0027584230346554077,3
AAPL,2020-09-03,RandomForest,-0.0734613337424942,0.03663153387635047,3
AAPL,2020-09-04,RandomForest,-0.04629634932630722,0.02343063333328191,3
AAPL,2020-09-08,RandomForest,0.024109484469685416,0.02480085195064337,3
AAPL,2020-09-09,RandomForest,-0.044238028197272294,0.013227623129357822,3
AAPL,2020-09-10,RandomForest,-0.027755917842033684,0.015006144987682072,3
AAPL,2020-09-11,RandomForest,-0.04607147084516183,0.02233614409643845,3
AAPL,2017-09-28,XGBoost,0.013765901501058053,0.005228042136877775,1
AAPL,2017-09-29,XGBoost,0.007655933420191996,0.004408874548971653,1
AAPL,2017-10-02,XGBoost,0.013197751206100339,0.004195439629256725,1
AAPL,2017-10-03,XGBoost,0.009191855065245225,0.004408874548971653,1
AAPL,2017-10-04,XGBoost,0.02000244788002048,0.0044829752296209335,1
AAPL,2017-10-05,XGBoost,0.003925323181706908,0.012801299802958965,1
AAPL,2017-10-06,XGBoost,0.010882464047485385,0.004585148300975561,1
AAPL,2017-10-09,XGBoost,0.0259238806880695,-0.0013518081977963448,1
AAPL,2017-10-10,XGBoost,0.029313607348415927,-0.001565242768265307,1
AAPL,2017-10-11,XGBoost,0.02050470494134804,-0.0014844073448330164,1
AAPL,2017-10-12,XGBoost,-0.00012787723785168126,-0.0028642467223107815,1
AAPL,2017-10-13,XGBoost,-0.004713628090316502,0.001829185290262103,1
AAPL,2017-10-16,XGBoost,-0.023205278273974117,0.005402198992669582,1
AAPL,2017-10-17,XGBoost,-0.021000678676919127,0.004446999169886112,1
AAPL,2017-10-18,XGBoost,-0.02096863011181349,-0.0003729100862983614,1
AAPL,2017-10-19,XGBoost,0.0091674589518842,0.004552840255200863,1
AAPL,2017-10-20,XGBoost,0.043520210251744906,-0.002091038506478071,1
AAPL,2017-10-23,XGBoost,0.067555186371133,-0.003482579253613949,1
AAPL,2017-10-24,XGBoost,0.07600254881888624,-0.0020036681089550257,1
AAPL,2017-10-25,XGBoost,0.067003152603754,-0.0006287681171670556,1
AAPL,2017-10-26,XGBoost,0.06797551337827357,-0.00042270630365237594,1
AAPL,2017-10-27,XGBoost,0.05795727068417866,0.007676310837268829,1
AAPL,2017-10-30,XGBoost,0.04516520914614852,0.00854237750172615,1
AAPL,2017-10-31,XGBoost,0.034133856920061545,0.0038759573362767696,1
AAPL,2017-11-01,XGBoost,0.05602499485576251,0.005525962449610233,1
AAPL,2017-11-02,XGBoost,0.046219652556952484,0.006331485230475664,1
AAPL,2017-11-03,XGBoost,0.016220020301157323,0.009198758751153946,1
AAPL,2017-11-06,XGBoost,0.0019824467761864195,0.008243589662015438,1
AAPL,2017-11-07,XGBoost,-0.01632637292660677,0.008593838661909103,1
AAPL,2017-11-08,XGBoost,-0.03717764871087392,0.008074275217950344,1
AAPL,2017-11-09,XGBoost,-0.02368035012963965,0.007319025695323944,1
AAPL,2017-11-10,XGBoost,-0.025877038365548555,0.0077394419349730015,1
AAPL,2017-11-13,XGBoost,-0.02293497964393698,0.006775466725230217,1
AAPL,2017-11-14,XGBoost,0.010505654195936742,0.006255133543163538,1
AAPL,2017-11-15,XGBoost,0.03477653886276233,0.008841662667691708,1
AAPL,2017-11-16,XGBoost,0.022617963018258802,0.006010375451296568,1
AAPL,2017-11-17,XGBoost,0.023155374684605157,0.006941529456526041,1
AAPL,2017-11-20,XGBoost,0.018178580876120565,0.006462932098656893,1
AAPL,2017-11-21,XGBoost,-0.02113945123082661,0.005491163581609726,1
AAPL,2017-11-22,XGBoost,-0.01777569703467663,0.005022840574383736,1
AAPL,2017-11-24,XGBoost,-0.022403817413410798,0.004918520338833332,1
AAPL,2017-11-27,XGBoost,-0.02464208634510945,0.0015492005040869117,1
AAPL,2017-11-28,XGBoost,-0.019818673912487483,0.0043868436478078365,1
AAPL,2017-11-29,XGBoost,-0.002773197703380581,0.005788726732134819,1
AAPL,2017-11-30,XGBoost,-0.014721659463053594,0.006397014483809471,1
AAPL,2017-12-01,XGBoost,-0.009821447242616466,0.007899698801338673,1
AAPL,2017-12-04,XGBoost,0.016902263866619416,-0.0042797354981303215,1
AAPL,2017-12-05,XGBoost,0.01214334508122028,-0.0039814854972064495,1
AAPL,2017-12-06,XGBoost,0.019289033797195154,-0.0007321424200199544,1
AAPL,2017-12-07,XGBoost,0.017127089037306753,-0.006172648165374994,1
AAPL,2017-12-08,XGBoost,0.027159517576871517,-0.006172648165374994,1
AAPL,2017-12-11,XGBoost,0.02171753479546501,0.0011465750867500901,1
AAPL,2017-12-12,XGBoost,0.016540293552683494,0.011584228835999966,1
AAPL,2017-12-13,XGBoost,0.012074096758503794,0.0005234490963630378,1
AAPL,2017-12-14,XGBoost,0.016200048026275615,0.000954515824560076,1
AAPL,2017-12-15,XGBoost,0.005977915333348571,-0.0020188584458082914,1
AAPL,2017-12-18,XGBoost,-0.03315911782696512,0.004078310914337635,1
AAPL,2017-12-19,XGBoost,-0.022573364487336933,-0.0027215625159442425,1
AAPL,2017-12-20,XGBoost,-0.01875566939547091,-0.003248934168368578,1
AAPL,2017-12-21,XGBoost,-0.03302701948521913,-0.004311420023441315,1
AAPL,2017-12-22,XGBoost,-0.015713513102371457,-0.0036713031586259604,1
AAPL,2017-12-26,XGBoost,0.00973158729275636,0.007471602875739336,1
AAPL,2017-12-27,XGBoost,0.014243599977865173,-0.003178016748279333,1
AAPL,2017-12-28,XGBoost,0.02291351633583072,-0.002474626526236534,1
AAPL,2017-12-29,XGBoost,0.030255302519727856,-0.0008645093184895813,1
AAPL,2018-01-02,XGBoost,0.012016584564953803,0.0032917687203735113,1
AAPL,2018-01-03,XGBoost,0.011960828606375928,0.002365934429690242,1
AAPL,2018-01-04,XGBoost,0.013003905957597706,0.004684116691350937,1
AAPL,2018-01-05,XGBoost,0.01194258026671502,0.0023202039301395416,1
AAPL,2018-01-08,XGBoost,0.010553424804342404,0.000761654635425657,1
AAPL,2018-01-09,XGBoost,0.027362298212314284,-1.577959665155504e-06,1
AAPL,2018-01-10,XGBoost,0.028515514485431215,-0.002156545640900731,1
AAPL,2018-01-11,XGBoost,0.018142532253877297,-0.0014968422474339604,1
AAPL,2018-01-12,XGBoost,-0.0005080059355900834,0.0023752751294523478,1
AAPL,2018-01-16,XGBoost,0.004824194540743454,0.0008754099835641682,1
AAPL,2018-01-17,XGBoost,-0.027247471104262178,0.004827958066016436,1
AAPL,2018-01-18,XGBoost,-0.045464290520553896,0.002089153043925762,1
AAPL,2018-01-19,XGBoost,-0.0389447420145711,0.0016124758403748274,1
AAPL,2018-01-22,XGBoost,-0.051073532661830456,-0.003554585622623563,1
AAPL,2018-01-23,XGBoost,-0.05687951463434138,-0.00381486932747066,1
AAPL,2018-01-24,XGBoost,-0.03897352474439786,-0.0002332313742954284,1
AAPL,2018-01-25,XGBoost,-0.01946141321877093,-0.0023808549158275127,1
AAPL,2018-01-26,XGBoost,-0.0641944317337182,-0.0036311827134341,1
AAPL,2018-01-29,XGBoost,-0.06828991597823564,0.006389529909938574,1
AAPL,2018-01-30,XGBoost,-0.023597357944210362,0.005213623400777578,1
AAPL,2018-01-31,XGBoost,-0.047124273933785155,0.004618677776306868,1
AAPL,2018-02-01,XGBoost,-0.07527637688069744,0.004980355966836214,1
AAPL,2018-02-02,XGBoost,-0.02150953553418178,0.005990729201585054,1
AAPL,2018-02-05,XGBoost,0.04398624633316617,0.005042365752160549,1
AAPL,2018-02-06,XGBoost,0.012145188440370935,0.00841367058455944,1
AAPL,2018-02-07,XGBoost,0.05335614958808921,0.009806233458220959,1
AAPL,2018-02-08,XGBoost,0.11953067642701143,0.009806233458220959,1
AAPL,2018-02-09,XGBoost,0.10242324262856961,0.008624846115708351,1
AAPL,2018-02-12,XGBoost,0.05617313430627435,0.007025145459920168,1
AAPL,2018-02-13,XGBoost,0.040951938641924146,0.007850227877497673,1
AAPL,2018-02-14,XGBoost,0.030650009374027842,0.007631873711943626,1
AAPL,2018-02-15,XGBoost,0.014509588272343166,0.009438497945666313,1
AAPL,2018-02-16,XGBoost,0.0379284099210877,0.01059774961322546,1
AAPL,2018-02-20,XGBoost,0.038056428765475214,0.010766408406198025,1
AAPL,2018-02-21,XGBoost,0.04121114935040793,0.01113955955952406,1
AAPL,2018-02-22,XGBoost,0.01449309802406118,0.00992219801992178,1
AAPL,2018-02-23,XGBoost,0.004045748312355935,0.00856790691614151,1
AAPL,2018-02-26,XGBoost,-0.012013262106198241,0.006104302126914263,1
AAPL,2018-02-27,XGBoost,-0.00964143945077911,0.004465890116989613,1
AAPL,2018-02-28,XGBoost,-0.017347979040214123,0.00808020494878292,1
AAPL,2018-03-01,XGBoost,0.011085675022341368,0.010478680953383446,1
AAPL,2018-03-02,XGBoost,0.02139458773436176,0.01015844102948904,1
AAPL,2018-03-05,XGBoost,0.02771186242652024,0.010426079854369164,1
AAPL,2018-03-06,XGBoost,0.018678947917475153,0.010462591424584389,1
AAPL,2018-03-07,XGBoost,0.019482503748619262,0.010598265565931797,1
AAPL,2018-03-08,XGBoost,0.009664184726853708,0.00840290542691946,1
AAPL,2018-03-09,XGBoost,-0.010890196662895701,0.005125981755554676,1
AAPL,2018-03-12,XGBoost,-0.03532914459732728,0.004638203419744968,1
AAPL,2018-03-13,XGBoost,-0.026282372789958708,0.005440542474389076,1
AAPL,2018-03-14,XGBoost,-0.040181618406444075,0.007324789185076952,1
AAPL,2018-03-15,XGBoost,-0.05485599817892106,0.005697519984096289,1
AAPL,2018-03-16,XGBoost,-0.07347458202478829,0.00016659038374200463,1
AAPL,2018-03-19,XGBoost,-0.014432156458090484,0.0020059854723513126,1
AAPL,2018-03-20,XGBoost,-0.039374551187464246,-0.0049534267745912075,1
AAPL,2018-03-21,XGBoost,-0.02796771945034282,0.0072803921066224575,1
AAPL,2018-03-22,XGBoost,-0.006336582002927971,0.0101731326431036,1
AAPL,2018-03-23,XGBoost,0.010549048776874903,0.010657667182385921,1
AAPL,2018-03-26,XGBoost,-0.025351587807247666,0.004046955611556768,1
AAPL,2018-03-27,XGBoost,0.019425057942088264,0.005683830473572016,1
AAPL,2018-03-28,XGBoost,0.037962645404935325,0.007147079799324274,1
AAPL,2018-03-29,XGBoost,0.003576016528556991,0.0056294589303433895,1
AAPL,2018-04-02,XGBoost,0.02021861592564056,0.008456261828541756,1
AAPL,2018-04-03,XGBoost,0.028861438298818598,0.0073733851313591,1
AAPL,2018-04-04,XGBoost,0.004836242557740178,0.006052318494766951,1
AAPL,2018-04-05,XGBoost,0.007754681807831121,0.0070871938951313496,1
AAPL,2018-04-06,XGBoost,0.03771222029930188,0.0068730516359210014,1
AAPL,2018-04-09,XGBoost,0.03393075774508825,0.0063808453269302845,1
AAPL,2018-04-10,XGBoost,0.028801925311190857,0.006702614948153496,1
AAPL,2018-04-11,XGBoost,0.03131536100309984,0.006290339399129152,1
AAPL,2018-04-12,XGBoost,-0.007695009457976187,0.008776149712502956,1
AAPL,2018-04-13,XGBoost,-0.05156505332253292,0.011196175590157509,1
AAPL,2018-04-16,XGBoost,-0.060174815712597196,0.011579365469515324,1
AAPL,2018-04-17,XGBoost,-0.0858392592185625,0.009477430954575539,1
AAPL,2018-04-18,XGBoost,-0.0797905843256006,0.013133642263710499,1
AAPL,2018-04-19,XGBoost,-0.04965285756499205,0.006672483868896961,1
AAPL,2018-04-20,XGBoost,-0.02051654398195768,0.006586707662791014,1
AAPL,2018-04-23,XGBoost,0.00012108535001154053,0.007621707860380411,1
AAPL,2018-04-24,XGBoost,0.037805658694136435,0.008506979793310165,1
AAPL,2018-04-25,XGBoost,0.07894891435004592,0.008252713829278946,1
AAPL,2018-04-26,XGBoost,0.07715283083403102,0.009634033776819706,1
AAPL,2018-04-27,XGBoost,0.13251595887486212,0.009806233458220959,1
AAPL,2018-04-30,XGBoost,0.12041612094627285,0.007155031431466341,1
AAPL,2018-05-01,XGBoost,0.10023657540625841,0.007501987274736166,1
AAPL,2018-05-02,XGBoost,0.061108917987569455,0.008785095997154713,1
AAPL,2018-05-03,XGBoost,0.07433981770056697,0.010758434422314167,1
AAPL,2018-05-04,XGBoost,0.02984927894955325,0.0066419923678040504,1
AAPL,2018-05-07,XGBoost,0.020066760938350026,0.005775954574346542,1
AAPL,2018-05-08,XGBoost,0.005959999013763317,0.008071677759289742,1
AAPL,2018-05-09,XGBoost,0.008249384656123793,0.008364354260265827,1
AAPL,2018-05-10,XGBoost,-0.012254871540408385,0.006788469851016998,1
AAPL,2018-05-11,XGBoost,-0.012089771433343888,0.008398002944886684,1
AAPL,2018-05-14,XGBoost,-0.0027642471637959742,0.008398002944886684,1
AAPL,2018-05-15,XGBoost,0.00386221126522468,0.006281889975070953,1
AAPL,2018-05-16,XGBoost,0.0009567753836530191,0.005951526574790478,1
AAPL,2018-05-17,XGBoost,0.00620363167272564,0.006281889975070953,1
AAPL,2018-05-18,XGBoost,0.012184146137390384,0.005005737766623497,1
AAPL,2018-05-21,XGBoost,0.001439327086518949,0.005072948057204485,1
AAPL,2018-05-22,XGBoost,0.0018165333364732472,0.004961574915796518,1
AAPL,2018-05-23,XGBoost,-0.00791082165061363,0.005072948057204485,1
AAPL,2018-05-24,XGBoost,0.011107802022165325,0.005254378076642752,1
AAPL,2018-05-25,XGBoost,0.01723397468836496,0.005365977995097637,1
AAPL,2018-05-29,XGBoost,0.02879190954430655,0.005383554380387068,1
AAPL,2018-05-30,XGBoost,0.03455975251237953,0.005632779095321894,1
AAPL,2018-05-31,XGBoost,0.03526549886183128,-0.0007428941316902637,1
AAPL,2018-06-01,XGBoost,0.0076744713755223515,0.002527202246710658,1
AAPL,2018-06-04,XGBoost,-0.003127498529127859,0.005076719913631678,1
AAPL,2018-06-05,XGBoost,-0.005328113801442602,0.005161423236131668,1
AAPL,2018-06-06,XGBoost,-0.016908845738672462,0.0052811806090176105,1
AAPL,2018-06-07,XGBoost,-0.013749782536898403,0.00537869893014431,1
AAPL,2018-06-08,XGBoost,-0.014919032161019197,0.005635901354253292,1
AAPL,2018-06-11,XGBoost,-0.013021482323267164,0.005740955006331205,1
AAPL,2018-06-12,XGBoost,-0.03427333653126907,0.004840140696614981,1
AAPL,2018-06-13,XGBoost,-0.02202399970089597,0.008368972688913345,1
AAPL,2018-06-14,XGBoost,-0.027987241405286634,0.007891666144132614,1
AAPL,2018-06-15,XGBoost,-0.020758307064127957,0.00979875959455967,1
AAPL,2018-06-18,XGBoost,-0.03480946419332798,0.0069250124506652355,1
AAPL,2018-06-19,XGBoost,-0.006785230617469606,0.004258726257830858,1
AAPL,2018-06-20,XGBoost,-0.012546906668707947,0.011124915443360806,1
AAPL,2018-06-21,XGBoost,0.00021555055254607325,0.013834064826369286,1
AAPL,2018-06-22,XGBoost,0.0010275342551582245,0.012601835653185844,1
AAPL,2018-06-25,XGBoost,0.027501855084086868,0.0023250356316566467,1
AAPL,2018-06-26,XGBoost,-0.0027657048729843314,-0.0025083741638809443,1
AAPL,2018-06-27,XGBoost,0.006733284146738017,-0.0030412287451326847,1
AAPL,2018-06-28,XGBoost,0.013315567712226972,-0.0029497244395315647,1
AAPL,2018-06-29,XGBoost,0.029550021880313304,0.014550917781889439,1
AAPL,2018-07-02,XGBoost,0.016935907229482128,0.01040765829384327,1
AAPL,2018-07-03,XGBoost,0.021531322849226653,0.0017854529432952404,1
AAPL,2018-07-05,XGBoost,0.030366629701519265,1.5633515431545675e-05,1
AAPL,2018-07-06,XGBoost,0.017875072338305875,0.0029022106900811195,1
AAPL,2018-07-09,XGBoost,0.0017318993602286614,0.004929546266794205,1
AAPL,2018-07-10,XGBoost,0.005778467095154616,0.004558783024549484,1
AAPL,2018-07-11,XGBoost,0.013413054227405796,0.0033119593281298876,1
AAPL,2018-07-12,XGBoost,0.004449630137642879,0.002815886167809367,1
AAPL,2018-07-13,XGBoost,0.0005750650441758154,0.0005274380091577768,1
AAPL,2018-07-16,XGBoost,0.003666273534358444,0.0005274380091577768,1
AAPL,2018-07-17,XGBoost,0.008095801474189201,0.0004446902312338352,1
AAPL,2018-07-18,XGBoost,0.023213935561356314,0.0016291133360937238,1
AAPL,2018-07-19,XGBoost,0.01214283802092364,0.0005281264893710613,1
AAPL,2018-07-20,XGBoost,-0.002402796646394312,0.00024295093317050487,1
AAPL,2018-07-23,XGBoost,-0.008872237029815433,0.00024295093317050487,1
AAPL,2018-07-24,XGBoost,-0.014041491078061408,-0.00258353678509593,1
AAPL,2018-07-25,XGBoost,0.03428838256466027,-0.001557285781018436,1
AAPL,2018-07-26,XGBoost,0.06786491680328077,-0.0041609592735767365,1
AAPL,2018-07-27,XGBoost,0.08906652882804456,-0.0010782432509586215,1
AAPL,2018-07-30,XGBoost,0.10088988413382971,-0.00014180579455569386,1
AAPL,2018-07-31,XGBoost,0.08839167530146863,-0.006172648165374994,1
AAPL,2018-08-01,XGBoost,0.028536053682794993,0.005019337870180607,1
AAPL,2018-08-02,XGBoost,0.0071844609368865164,0.009598449803888798,1
AAPL,2018-08-03,XGBoost,0.001287836528123698,0.010600235313177109,1
AAPL,2018-08-06,XGBoost,0.0025471763189488517,0.00973270833492279,1
AAPL,2018-08-07,XGBoost,0.016298736227303046,0.008398002944886684,1
AAPL,2018-08-08,XGBoost,0.017984777888907955,0.008551794104278088,1
AAPL,2018-08-09,XGBoost,0.02483816451073495,0.00871784146875143,1
AAPL,2018-08-10,XGBoost,0.04842666633468218,0.007047467865049839,1
AAPL,2018-08-13,XGBoost,0.03155084571357358,0.009586839936673641,1
AAPL,2018-08-14,XGBoost,0.025220462817175715,0.009677750989794731,1
AAPL,2018-08-15,XGBoost,0.02287824164939689,0.009622527286410332,1
AAPL,2018-08-16,XGBoost,0.010172226364945747,0.007997602224349976,1
AAPL,2018-08-17,XGBoost,-0.006525935496894508,0.008577822707593441,1
AAPL,2018-08-20,XGBoost,0.011510215314217698,0.010171778500080109,1
AAPL,2018-08-21,XGBoost,0.021670420113458766,0.010500377044081688,1
AAPL,2018-08-22,XGBoost,0.036875411529115,0.010500377044081688,1
AAPL,2018-08-23,XGBoost,0.044271095604632826,0.010500377044081688,1
AAPL,2018-08-24,XGBoost,0.05306213585865183,0.009862203150987625,1
AAPL,2018-08-27,XGBoost,0.04781114415790655,0.00848187506198883,1
AAPL,2018-08-28,XGBoost,0.03263548753167789,0.00848187506198883,1
AAPL,2018-08-29,XGBoost,0.0005381349074013997,0.002099549164995551,1
AAPL,2018-08-30,XGBoost,-0.016575706405881352,0.006762003991752863,1
AAPL,2018-08-31,XGBoost,-0.04085581017099593,0.00775571446865797,1
AAPL,2018-09-04,XGBoost,-0.0197493589652028,0.007087294943630695,1
AAPL,2018-09-05,XGBoost,-0.02556544235652447,0.006681983359158039,1
AAPL,2018-09-06,XGBoost,0.014836385249933581,0.0022066780366003513,1
AAPL,2018-09-07,XGBoost,0.011477909027381106,0.0015961866592988372,1
AAPL,2018-09-10,XGBoost,-0.002060967236049649,0.0006810128106735647,1
AAPL,2018-09-11,XGBoost,-0.02506131028171099,0.002572852186858654,1
AAPL,2018-09-12,XGBoost,-0.012213267851530318,0.004949220921844244,1
AAPL,2018-09-13,XGBoost,-0.028178862337147725,0.005376128945499659,1
AAPL,2018-09-14,XGBoost,-0.027608877553074174,0.006819277070462704,1
AAPL,2018-09-17,XGBoost,0.013355992046228504,0.004315365571528673,1
AAPL,2018-09-18,XGBoost,0.018099162828167703,0.005880660843104124,1
AAPL,2018-09-19,XGBoost,0.009387491158787675,0.005880660843104124,1
AAPL,2018-09-20,XGBoost,0.022360515471869125,0.007128004450351,1
AAPL,2018-09-21,XGBoost,0.03712190212181654,0.004710045177489519,1
AAPL,2018-09-24,XGBoost,0.02930363978187378,0.006824393291026354,2
AAPL,2018-09-25,XGBoost,0.0319096509628245,0.008308932185173035,2
AAPL,2018-09-26,XGBoost,0.052853845694570856,0.006104194093495607,2
AAPL,2018-09-27,XGBoost,0.013514223586807983,0.007372560910880566,2
AAPL,2018-09-28,XGBoost,-0.006423301858705988,0.011174439452588558,2
AAPL,2018-10-01,XGBoost,-0.015356630052204556,0.009469936601817608,2
AAPL,2018-10-02,XGBoost,-0.010511055955248483,0.006393560208380222,2
AAPL,2018-10-03,XGBoost,-0.06769524122837234,0.0056391009129583836,2
AAPL,2018-10-04,XGBoost,-0.0593885517089372,0.011016368865966797,2
AAPL,2018-10-05,XGBoost,-0.009719343438015837,0.009824128821492195,2
AAPL,2018-10-08,XGBoost,-0.02864574707731693,0.009382444433867931,2
AAPL,2018-10-09,XGBoost,-0.02080498754849569,0.0023910736199468374,2
AAPL,2018-10-10,XGBoost,0.022324178010686868,0.009535719640552998,2
AAPL,2018-10-11,XGBoost,0.007320852581710335,0.0052042314782738686,2
AAPL,2018-10-12,XGBoost,-0.012606462745100355,0.009614811278879642,2
AAPL,2018-10-15,XGBoost,0.015136362245114832,0.006675690412521362,2
AAPL,2018-10-16,XGBoost,0.002610957706846495,-3.5463483072817326e-05,2
AAPL,2018-10-17,XGBoost,-0.0275781332014986,0.0015288026770576835,2
AAPL,2018-10-18,XGBoost,0.017498416404154282,0.005385423544794321,2
AAPL,2018-10-19,XGBoost,-0.01372474437338711,0.0069570960476994514,2
AAPL,2018-10-22,XGBoost,-0.03811457285225939,0.007483295630663633,2
AAPL,2018-10-23,XGBoost,-0.042338308010454906,0.006794947665184736,2
AAPL,2018-10-24,XGBoost,0.0175274526864857,0.011171132326126099,2
AAPL,2018-10-25,XGBoost,0.011010168182598257,0.014562118798494339,2
AAPL,2018-10-26,XGBoost,-0.04077699909481991,0.009903143160045147,2
AAPL,2018-10-29,XGBoost,-0.05017919619857247,0.01171437930315733,2
AAPL,2018-10-30,XGBoost,-0.04467907475756927,0.014900898560881615,2
AAPL,2018-10-31,XGBoost,-0.040711072928719894,0.014556465670466423,2
AAPL,2018-11-01,XGBoost,-0.05851214610128186,0.013926981948316097,2
AAPL,2018-11-02,XGBoost,-0.011069030591850937,0.022106030955910683,2
AAPL,2018-11-05,XGBoost,-0.033446799839220165,0.0279459897428751,2
AAPL,2018-11-06,XGBoost,-0.05334088481504751,0.024652468040585518,2
AAPL,2018-11-07,XGBoost,-0.1071599288564149,0.023459836840629578,2
AAPL,2018-11-08,XGBoost,-0.08192251124376682,0.022293219342827797,2
AAPL,2018-11-09,XGBoost,-0.05350387555780667,0.022293219342827797,2
AAPL,2018-11-12,XGBoost,-0.04279714607239371,0.0279459897428751,2
AAPL,2018-11-13,XGBoost,-0.07933197946767301,0.0279459897428751,2
AAPL,2018-11-14,XGBoost,-0.05364008305914714,0.0279459897428751,2
AAPL,2018-11-15,XGBoost,-0.0998902739804568,0.027803190052509308,2
AAPL,2018-11-16,XGBoost,-0.09771111755965622,0.025122595950961113,2
AAPL,2018-11-19,XGBoost,-0.06252039469850823,0.0279459897428751,2
AAPL,2018-11-20,XGBoost,0.0223755645967203,0.0279459897428751,2
AAPL,2018-11-21,XGBoost,0.015669163107030926,0.0279459897428751,2
AAPL,2018-11-23,XGBoost,0.036508211216359054,0.0279459897428751,2
AAPL,2018-11-26,XGBoost,0.058412733518097504,0.027803190052509308,2
AAPL,2018-11-27,XGBoost,0.014061335635253691,0.0279459897428751,2
AAPL,2018-11-28,XGBoost,-0.034376128058413946,0.024952225387096405,2
AAPL,2018-11-29,XGBoost,-0.06159822384719771,0.0279459897428751,2
AAPL,2018-11-30,XGBoost,-0.05028560697970974,0.0279459897428751,2
AAPL,2018-12-03,XGBoost,-0.08759867071244554,0.023459836840629578,2
AAPL,2018-12-04,XGBoost,-0.04295677046876056,0.024378037080168724,2
AAPL,2018-12-06,XGBoost,-0.02157721052826922,0.0279459897428751,2
AAPL,2018-12-07,XGBoost,-0.017865033899727933,0.0279459897428751,2
AAPL,2018-12-10,XGBoost,-0.03337236034008528,0.0279459897428751,2
AAPL,2018-12-11,XGBoost,-0.015181261732506113,0.0279459897428751,2
AAPL,2018-12-12,XGBoost,-0.048551006462397295,0.0279459897428751,2
AAPL,2018-12-13,XGBoost,-0.08259736240267901,0.0279459897428751,2
AAPL,2018-12-14,XGBoost,-0.08913439779736287,0.0279459897428751,2
AAPL,2018-12-17,XGBoost,-0.10436745280588144,0.0279459897428751,2
AAPL,2018-12-18,XGBoost,-0.053591736939699985,0.027803190052509308,2
AAPL,2018-12-19,XGBoost,-0.029461313641716336,0.0279459897428751,2
AAPL,2018-12-20,XGBoost,-0.0038259304260995775,0.0279459897428751,2
AAPL,2018-12-21,XGBoost,0.04650720120456353,0.0279459897428751,2
AAPL,2018-12-24,XGBoost,0.07552942666933493,0.0279459897428751,2
AAPL,2018-12-26,XGBoost,-0.0953108017236366,0.027803190052509308,2
AAPL,2018-12-27,XGBoost,-0.05052831000259994,0.0279459897428751,2
AAPL,2018-12-28,XGBoost,-0.05312664605177264,0.0279459897428751,2
AAPL,2018-12-31,XGBoost,-0.04431349838141185,0.025122595950961113,2
AAPL,2019-01-02,XGBoost,-0.029192069504937135,0.025122595950961113,2
AAPL,2019-01-03,XGBoost,0.08165153614096177,0.0279459897428751,2
AAPL,2019-01-04,XGBoost,0.027181714056486506,0.027803190052509308,2
AAPL,2019-01-07,XGBoost,0.013993194851757318,0.0279459897428751,2
AAPL,2019-01-08,XGBoost,0.015389684860243502,0.025135260075330734,2
AAPL,2019-01-09,XGBoost,0.010631887454437772,0.023113060742616653,2
AAPL,2019-01-10,XGBoost,0.01339351993145721,0.023396464064717293,2
AAPL,2019-01-11,XGBoost,0.029746025644371565,0.022293219342827797,2
AAPL,2019-01-14,XGBoost,0.022000326121471625,0.024378037080168724,2
AAPL,2019-01-15,XGBoost,0.005553135922841346,0.023642871528863907,2
AAPL,2019-01-16,XGBoost,-0.01445703150517863,0.023396464064717293,2
AAPL,2019-01-17,XGBoost,0.012190780689839809,0.02327275089919567,2
AAPL,2019-01-18,XGBoost,-0.0033155805298095142,0.02327275089919567,2
AAPL,2019-01-22,XGBoost,0.009001381372050865,0.022293219342827797,2
AAPL,2019-01-23,XGBoost,0.07360908250844966,0.023396464064717293,2
AAPL,2019-01-24,XGBoost,0.08998016643502393,0.022293219342827797,2
AAPL,2019-01-25,XGBoost,0.055527165556804814,0.023336127400398254,2
AAPL,2019-01-28,XGBoost,0.0956491023392827,0.022169506177306175,2
AAPL,2019-01-29,XGBoost,0.12606691652152602,0.022169506177306175,2
AAPL,2019-01-30,XGBoost,0.0544027053631968,0.01660287007689476,2
AAPL,2019-01-31,XGBoost,0.027037222914509274,0.014696949161589146,2
AAPL,2019-02-01,XGBoost,0.02774956596760858,0.014415242709219456,2
AAPL,2019-02-04,XGBoost,-0.006384552738805449,0.011094541288912296,2
AAPL,2019-02-05,XGBoost,-0.0146807184626786,0.006214953027665615,2
AAPL,2019-02-06,XGBoost,-0.019112470829264816,0.005159822758287191,2
AAPL,2019-02-07,XGBoost,0.0034659739802020972,0.006846487522125244,2
AAPL,2019-02-08,XGBoost,5.876563765361276e-05,0.005610149819403887,2
AAPL,2019-02-11,XGBoost,0.008853065776533997,0.008175108581781387,2
AAPL,2019-02-12,XGBoost,0.00667090153463179,0.007067530415952206,2
AAPL,2019-02-13,XGBoost,0.005171305070750698,0.007077375426888466,2
AAPL,2019-02-14,XGBoost,0.012704826644609923,0.007720316760241985,2
AAPL,2019-02-15,XGBoost,0.022356613688561566,0.005990049801766872,2
AAPL,2019-02-19,XGBoost,0.019891322749199913,0.0066329906694591045,2
AAPL,2019-02-20,XGBoost,0.016508619649864054,0.004115702584385872,2
AAPL,2019-02-21,XGBoost,0.012217925475141334,0.006142971105873585,2
AAPL,2019-02-22,XGBoost,0.011562968783087602,0.0018753755139186978,2
AAPL,2019-02-25,XGBoost,0.009297877969765889,0.007274819537997246,2
AAPL,2019-02-26,XGBoost,0.006883749503796777,0.007781145162880421,2
AAPL,2019-02-27,XGBoost,-0.0020013159463245778,0.007745625451207161,2
AAPL,2019-02-28,XGBoost,-0.003754323565669959,0.001362473820336163,2
AAPL,2019-03-01,XGBoost,-0.011773558449250654,-0.0001787741930456832,2
AAPL,2019-03-04,XGBoost,0.017344081535251687,4.371399700175971e-05,2
AAPL,2019-03-05,XGBoost,0.03065007773153705,0.0044694016687572,2
AAPL,2019-03-06,XGBoost,0.04119885673647672,0.002893383614718914,2
AAPL,2019-03-07,XGBoost,0.06510173833072797,0.0019037679303437471,2
AAPL,2019-03-08,XGBoost,0.07639812648757194,0.0029544446151703596,2
AAPL,2019-03-11,XGBoost,0.05097823316346828,0.0036798676010221243,2
AAPL,2019-03-12,XGBoost,0.03106497909578465,0.0015154726570472121,2
AAPL,2019-03-13,XGBoost,0.03549582504240911,0.0014499223325401545,2
AAPL,2019-03-14,XGBoost,0.06182972694518818,0.001530986512079835,2
AAPL,2019-03-15,XGBoost,0.02648841742966246,-0.0003187756228726357,2
AAPL,2019-03-18,XGBoost,0.0038293844581496206,-0.0006203686352819204,2
AAPL,2019-03-19,XGBoost,0.0013937167897046798,-0.0006200907519087195,2
AAPL,2019-03-20,XGBoost,0.001647583099142258,0.0015401913551613688,2
AAPL,2019-03-21,XGBoost,-0.03265132307854046,0.005955896805971861,2
AAPL,2019-03-22,XGBoost,-0.00575789274963423,0.013443457894027233,2
AAPL,2019-03-25,XGBoost,0.01324585449976956,0.011982893571257591,2
AAPL,2019-03-26,XGBoost,0.038706842259034646,0.011845514178276062,2
AAPL,2019-03-27,XGBoost,0.03650465330398611,0.008700435981154442,2
AAPL,2019-03-28,XGBoost,0.0369332704488754,0.008386548608541489,2
AAPL,2019-03-29,XGBoost,0.03711512581465781,0.006840858608484268,2
AAPL,2019-04-01,XGBoost,0.046329232621238337,0.0071474346332252026,2
AAPL,2019-04-02,XGBoost,0.028244380024003757,0.008232993073761463,2
AAPL,2019-04-03,XGBoost,0.026977034120734933,0.013890407048165798,2
AAPL,2019-04-04,XGBoost,0.016658583897141588,0.004374341107904911,2
AAPL,2019-04-05,XGBoost,0.009492494373922078,0.004253879189491272,2
AAPL,2019-04-08,XGBoost,-0.00434785742025634,0.0020524587016552687,2
AAPL,2019-04-09,XGBoost,-0.0012533928990786647,0.002502230228856206,2
AAPL,2019-04-10,XGBoost,0.012511476807105959,0.0019643402192741632,2
AAPL,2019-04-11,XGBoost,0.024679789554017617,0.004925064742565155,2
AAPL,2019-04-12,XGBoost,0.028460836951495816,0.005039425566792488,2
AAPL,2019-04-15,XGBoost,0.041409498613174334,0.0023754637222737074,2
AAPL,2019-04-16,XGBoost,0.039699171671063516,0.0021908951457589865,2
AAPL,2019-04-17,XGBoost,0.010584135321318522,0.006318496074527502,2
AAPL,2019-04-18,XGBoost,0.002158118618555749,0.0020285400096327066,2
AAPL,2019-04-22,XGBoost,0.00039122803141800055,0.005808503367006779,2
AAPL,2019-04-23,XGBoost,-0.032822423029839065,0.002917946083471179,2
AAPL,2019-04-24,XGBoost,0.016219492302348426,0.0032323149498552084,2
AAPL,2019-04-25,XGBoost,0.01885224021093146,0.0050768801011145115,2
AAPL,2019-04-26,XGBoost,0.03646611443544878,0.003660622052848339,2
AAPL,2019-04-29,XGBoost,0.018913810633857997,0.004649213049560785,2
AAPL,2019-04-30,XGBoost,0.010913743784446206,0.0067249443382024765,2
AAPL,2019-05-01,XGBoost,-0.03619637019460564,0.005969666410237551,2
AAPL,2019-05-02,XGBoost,-0.04030599229158671,0.0078062629327178,2
AAPL,2019-05-03,XGBoost,-0.06522177185179179,0.010239378549158573,2
AAPL,2019-05-06,XGBoost,-0.1057405105162712,0.008074254728853703,2
AAPL,2019-05-07,XGBoost,-0.0664180023409432,0.009850255213677883,2
AAPL,2019-05-08,XGBoost,-0.0554202729167983,0.008717343211174011,2
AAPL,2019-05-09,XGBoost,-0.04936216512222058,0.008208563551306725,2
AAPL,2019-05-10,XGBoost,-0.041484830332858436,0.009463952854275703,2
AAPL,2019-05-13,XGBoost,-0.014161258989423664,0.006422067992389202,2
AAPL,2019-05-14,XGBoost,-0.01091887263839264,0.009094606153666973,2
AAPL,2019-05-15,XGBoost,-0.04263555392586926,0.008383570238947868,2
AAPL,2019-05-16,XGBoost,-0.054819058680915855,0.011521811597049236,2
AAPL,2019-05-17,XGBoost,-0.053068744466841955,0.023182496428489685,2
AAPL,2019-05-20,XGBoost,-0.02654425659910087,0.0279459897428751,2
AAPL,2019-05-21,XGBoost,-0.04941068371056745,0.02466512843966484,2
AAPL,2019-05-22,XGBoost,-0.024510407922300637,0.0279459897428751,2
AAPL,2019-05-23,XGBoost,-0.025548087900177263,0.0279459897428751,2
AAPL,2019-05-24,XGBoost,-0.03168125129317423,0.0279459897428751,2
AAPL,2019-05-28,XGBoost,0.00791126345761084,0.0279459897428751,2
AAPL,2019-05-29,XGBoost,0.029090165006119273,0.0279459897428751,2
AAPL,2019-05-30,XGBoost,0.038811119261370486,0.0279459897428751,2
AAPL,2019-05-31,XGBoost,0.08613677021825095,0.0279459897428751,2
AAPL,2019-06-03,XGBoost,0.11125207886502642,0.0279459897428751,2
AAPL,2019-06-04,XGBoost,0.08444642406220049,0.023459836840629578,2
AAPL,2019-06-05,XGBoost,0.06382182831375482,0.023113060742616653,2
AAPL,2019-06-06,XGBoost,0.04821276888006332,0.022989347577095032,2
AAPL,2019-06-07,XGBoost,0.013620648017659054,0.023554693907499313,2
AAPL,2019-06-10,XGBoost,0.00680234107350719,0.023824254050850868,2
AAPL,2019-06-11,XGBoost,0.01868478606145274,0.010636908002197742,2
AAPL,2019-06-12,XGBoost,0.018950498903690827,0.011886273510754108,2
AAPL,2019-06-13,XGBoost,0.02735024662592167,0.01000708807259798,2
AAPL,2019-06-14,XGBoost,0.0313376884032599,0.009600311517715454,2
AAPL,2019-06-17,XGBoost,0.02418897157088895,0.007526269182562828,2
AAPL,2019-06-18,XGBoost,-0.014512231678380894,0.006887537892907858,2
AAPL,2019-06-19,XGBoost,0.009753942801359106,0.00623443303629756,2
AAPL,2019-06-20,XGBoost,0.0014038389148660624,0.007103294134140015,2
AAPL,2019-06-21,XGBoost,-0.004326455349850211,0.005300033837556839,2
AAPL,2019-06-24,XGBoost,0.014956379603985548,0.004399922676384449,2
AAPL,2019-06-25,XGBoost,0.03661068623541497,0.011365585960447788,2
AAPL,2019-06-26,XGBoost,0.023072914615412943,0.005184000823646784,2
AAPL,2019-06-27,XGBoost,0.022479079615767672,0.008411281742155552,2
AAPL,2019-06-28,XGBoost,0.010610273595171194,0.008245839737355709,2
AAPL,2019-07-01,XGBoost,-0.0015380850674604485,0.004425530321896076,2
AAPL,2019-07-02,XGBoost,0.002466437530287191,0.0003804237931035459,2
AAPL,2019-07-03,XGBoost,-0.01301324038938756,0.001541611272841692,2
AAPL,2019-07-05,XGBoost,-0.004553470987067598,0.0016393531113862991,2
AAPL,2019-07-08,XGBoost,0.025947589799489856,0.008467517793178558,2
AAPL,2019-07-09,XGBoost,0.016199359008525427,0.0015063929604366422,2
AAPL,2019-07-10,XGBoost,0.0005903723673374994,0.0013177144574001431,2
AAPL,2019-07-11,XGBoost,0.019380507008076142,-0.0013243240537121892,2
AAPL,2019-07-12,XGBoost,-0.003492572170076369,-0.000848963507451117,2
AAPL,2019-07-15,XGBoost,0.009794742707164295,0.0005981022259220481,2
AAPL,2019-07-16,XGBoost,0.02122249176547153,0.0014266751240938902,2
AAPL,2019-07-17,XGBoost,0.02616223235518489,-0.000996649730950594,2
AAPL,2019-07-18,XGBoost,0.006613097439364113,0.0003971693804487586,2
AAPL,2019-07-19,XGBoost,0.02542090452144108,0.002063468797132373,2
AAPL,2019-07-22,XGBoost,0.011871562760709109,0.002735777059569955,2
AAPL,2019-07-23,XGBoost,-0.0002873713440021408,0.00046854245010763407,2
AAPL,2019-07-24,XGBoost,0.020941876946212412,0.0003490755916573107,2
AAPL,2019-07-25,XGBoost,0.006810744779490507,0.0017034723423421383,2
AAPL,2019-07-26,XGBoost,-0.01790713659303944,0.0013333068927749991,2
AAPL,2019-07-29,XGBoost,-0.07792843661043891,-3.072783874813467e-05,2
AAPL,2019-07-30,XGBoost,-0.05642285271134817,0.0004177334485575557,2
AAPL,2019-07-31,XGBoost,-0.06571546969252773,0.00459525128826499,2
AAPL,2019-08-01,XGBoost,-0.02398902471430331,0.006639955565333366,2
AAPL,2019-08-02,XGBoost,-0.011108392908009024,0.008245590142905712,2
AAPL,2019-08-05,XGBoost,0.04086949752163349,0.011357998475432396,2
AAPL,2019-08-06,XGBoost,0.06479176330229519,0.004575683269649744,2
AAPL,2019-08-07,XGBoost,0.02251002635737942,0.010824334807693958,2
AAPL,2019-08-08,XGBoost,-0.004539366321566041,0.011570983566343784,2
AAPL,2019-08-09,XGBoost,0.027414235972553547,-0.001605735276825726,2
AAPL,2019-08-12,XGBoost,0.04923226961267346,0.010744042694568634,2
AAPL,2019-08-13,XGBoost,0.00665172424970728,0.013369867578148842,2
AAPL,2019-08-14,XGBoost,0.04877923681076579,0.005621689837425947,2
AAPL,2019-08-15,XGBoost,0.0531377164405773,0.010656756348907948,2
AAPL,2019-08-16,XGBoost,-0.01869255454901908,0.013278648257255554,2
AAPL,2019-08-19,XGBoost,-0.018350649598043556,0.013438249938189983,2
AAPL,2019-08-20,XGBoost,-0.029473545444876903,0.008790114894509315,2
AAPL,2019-08-21,XGBoost,-0.03343687426674913,0.00551904272288084,2
AAPL,2019-08-22,XGBoost,-0.016238457220081215,0.008238336071372032,2
AAPL,2019-08-23,XGBoost,0.030102761208212758,0.007885689847171307,2
AAPL,2019-08-26,XGBoost,-0.00382580092359186,0.008595393039286137,2
AAPL,2019-08-27,XGBoost,0.024637787827490154,0.007468666415661573,2
AAPL,2019-08-28,XGBoost,0.03770714793342167,0.013300730846822262,2
AAPL,2019-08-29,XGBoost,0.020333947505580374,0.012080526910722256,2
AAPL,2019-08-30,XGBoost,0.026013249549172945,0.009026935324072838,2
AAPL,2019-09-03,XGBoost,0.0534759515372063,0.007333859801292419,2
AAPL,2019-09-04,XGBoost,0.06883694711444543,0.012018616311252117,2
AAPL,2019-09-05,XGBoost,0.04599600568282125,0.00851248949766159,2
AAPL,2019-09-06,XGBoost,0.02574307507246787,0.008196065202355385,2
AAPL,2019-09-09,XGBoost,0.026754485901769876,0.01093674823641777,2
AAPL,2019-09-10,XGBoost,0.01845857039489096,0.005315192509442568,2
AAPL,2019-09-11,XGBoost,-0.0036675449544677496,0.0036847195588052273,2
AAPL,2019-09-12,XGBoost,-0.009547467666257803,0.009262826293706894,2
AAPL,2019-09-13,XGBoost,-0.004662914218166669,0.011363836005330086,2
AAPL,2019-09-16,XGBoost,-0.005366325682669371,0.009060276672244072,2
AAPL,2019-09-17,XGBoost,-0.01368372811020302,0.008460347540676594,2
AAPL,2019-09-18,XGBoost,-0.00781063134092741,0.006822645664215088,2
AAPL,2019-09-19,XGBoost,-0.0048425264960147985,0.006765061989426613,3
AAPL,2019-09-20,XGBoost,0.0050063120238685865,0.0077675143256783485,3
AAPL,2019-09-23,XGBoost,0.024003402355840642,0.004159728065133095,3
AAPL,2019-09-24,XGBoost,0.031743920332925946,0.005399696063250303,3
AAPL,2019-09-25,XGBoost,-0.009365234356031427,0.0037186662666499615,3
AAPL,2019-09-26,XGBoost,0.004229301831834453,0.0039039505645632744,3
AAPL,2019-09-27,XGBoost,0.03742806452656011,0.005399696063250303,3
AAPL,2019-09-30,XGBoost,0.013796466199694324,0.001508427201770246,3
AAPL,2019-10-01,XGBoost,-0.000845986551723743,0.003668607445433736,3
AAPL,2019-10-02,XGBoost,0.03685577162164999,0.0011186008341610432,3
AAPL,2019-10-03,XGBoost,0.04197981370820392,0.004803184419870377,3
AAPL,2019-10-04,XGBoost,0.040527004811393263,-0.00180254562292248,3
AAPL,2019-10-07,XGBoost,0.03880046561287043,-0.004221860319375992,3
AAPL,2019-10-08,XGBoost,0.048663199405855284,-0.0033828620798885822,3
AAPL,2019-10-09,XGBoost,0.032330712899044656,0.001508427201770246,3
AAPL,2019-10-10,XGBoost,0.022556517760947914,-0.00037658741348423064,3
AAPL,2019-10-11,XGBoost,0.0008465097712135883,0.0003694733895827085,3
AAPL,2019-10-14,XGBoost,0.019671651072029617,0.003960129804909229,3
AAPL,2019-10-15,XGBoost,0.019717830958184468,0.0017536843661218882,3
AAPL,2019-10-16,XGBoost,0.037590004530036136,0.001599954441189766,3
AAPL,2019-10-17,XGBoost,0.035276956344378,0.0021882187575101852,3
AAPL,2019-10-18,XGBoost,0.04301858594038488,0.0037562840152531862,3
AAPL,2019-10-21,XGBoost,0.03550803092201171,0.002583008259534836,3
AAPL,2019-10-22,XGBoost,0.013877191296770564,0.0072140926495194435,3
AAPL,2019-10-23,XGBoost,0.000329029726515051,0.0023667854256927967,3
AAPL,2019-10-24,XGBoost,0.021266096762839082,0.007120390888303518,3
AAPL,2019-10-25,XGBoost,0.037472794224285844,0.0012670578435063362,3
AAPL,2019-10-28,XGBoost,0.033928883135343924,0.002931236056610942,3
AAPL,2019-10-29,XGBoost,0.05688692495671677,0.001207410590723157,3
AAPL,2019-10-30,XGBoost,0.057469292870410804,0.004088440909981728,3
AAPL,2019-10-31,XGBoost,0.04602382645519554,0.0025941808708012104,3
AAPL,2019-11-01,XGBoost,0.019939673222496346,0.0025137150660157204,3
AAPL,2019-11-04,XGBoost,0.02130939743284399,0.00583347212523222,3
AAPL,2019-11-05,XGBoost,0.021842571292717716,0.0068194931373000145,3
AAPL,2019-11-06,XGBoost,0.031192799262391047,0.0066865053959190845,3
AAPL,2019-11-07,XGBoost,0.012373514220420878,0.0014816056936979294,3
AAPL,2019-11-08,XGBoost,0.021603950229063917,0.005592891480773687,3
AAPL,2019-11-11,XGBoost,0.01868830458511872,0.002931236056610942,3
AAPL,2019-11-12,XGBoost,0.016529439773923515,0.005481543485075235,3
AAPL,2019-11-13,XGBoost,-0.00483961956571588,0.002821608679369092,3
AAPL,2019-11-14,XGBoost,-0.0023988834586415875,0.00645249942317605,3
AAPL,2019-11-15,XGBoost,-0.01497600944136479,0.0012535273563116789,3
AAPL,2019-11-18,XGBoost,-0.0027328732169759062,0.005592891480773687,3
AAPL,2019-11-19,XGBoost,-0.007510580395287181,0.005708592478185892,3
AAPL,2019-11-20,XGBoost,0.0176674286228522,0.007518559694290161,3
AAPL,2019-11-21,XGBoost,0.019999477223271445,0.0032858606427907944,3
AAPL,2019-11-22,XGBoost,0.009091710130884723,0.0034255257342010736,3
AAPL,2019-11-25,XGBoost,-0.02597922243083295,0.0025806494522839785,3
AAPL,2019-11-26,XGBoost,-0.009648461503209083,0.0031875218264758587,3
AAPL,2019-11-27,XGBoost,-0.008437707200420697,0.0025806494522839785,3
AAPL,2019-11-29,XGBoost,0.012946513473454768,0.0033288730774074793,3
AAPL,2019-12-02,XGBoost,0.010448033407204571,0.0048356130719184875,3
AAPL,2019-12-03,XGBoost,0.034804420551312054,0.006084676366299391,3
AAPL,2019-12-04,XGBoost,0.034499793126619105,0.004301560577005148,3
AAPL,2019-12-05,XGBoost,0.022140216996809903,0.0014846044359728694,3
AAPL,2019-12-06,XGBoost,0.01640111328740579,0.000266249873675406,3
AAPL,2019-12-09,XGBoost,0.04847867587551735,0.0039027100428938866,3
AAPL,2019-12-10,XGBoost,0.0444354874519699,0.0034994063898921013,3
AAPL,2019-12-11,XGBoost,0.0331276426849334,0.0014028040459379554,3
AAPL,2019-12-12,XGBoost,0.03153308781876296,0.0030287255067378283,3
AAPL,2019-12-13,XGBoost,0.015591515499731479,0.0006612042197957635,3
AAPL,2019-12-16,XGBoost,0.014793230912644395,0.0028064411599189043,3
AAPL,2019-12-17,XGBoost,0.013765101250162948,0.0073326509445905685,3
AAPL,2019-12-18,XGBoost,0.03635577651961652,0.0072117336094379425,3
AAPL,2019-12-19,XGBoost,0.03492612423773589,0.0073230816051363945,3
AAPL,2019-12-20,XGBoost,0.043229363102913254,0.0072117336094379425,3
AAPL,2019-12-23,XGBoost,0.033978928471348535,0.002364427549764514,3
AAPL,2019-12-24,XGBoost,0.05656616873515996,0.007106859236955643,3
AAPL,2019-12-26,XGBoost,0.025938835305041597,0.0012535273563116789,3
AAPL,2019-12-27,XGBoost,0.034506753090824516,0.005592891480773687,3
AAPL,2019-12-30,XGBoost,0.023566160935842184,0.005592891480773687,3
AAPL,2019-12-31,XGBoost,0.032487739787979475,0.0054832641035318375,3
AAPL,2020-01-02,XGBoost,0.03089759864453656,0.0008469402091577649,3
AAPL,2020-01-03,XGBoost,0.043371366815333934,0.00536765344440937,3
AAPL,2020-01-06,XGBoost,0.057238116087792834,0.003174952231347561,3
AAPL,2020-01-07,XGBoost,0.04789054973037277,0.006684456020593643,3
AAPL,2020-01-08,XGBoost,0.02688074381739125,0.0010044944938272238,3
AAPL,2020-01-09,XGBoost,0.0181179362653745,0.0008469402091577649,3
AAPL,2020-01-10,XGBoost,0.027068102438458697,0.0054708849638700485,3
AAPL,2020-01-13,XGBoost,-0.0012308134302312368,0.0013876163866370916,3
AAPL,2020-01-14,XGBoost,0.01605450606414438,0.006027336232364178,3
AAPL,2020-01-15,XGBoost,0.025342205574887977,0.006872853264212608,3
AAPL,2020-01-16,XGBoost,0.009738703698134676,0.0012535273563116789,3
AAPL,2020-01-17,XGBoost,-0.03068431474270239,0.002931236056610942,3
AAPL,2020-01-21,XGBoost,0.0035382419483638294,0.006872853264212608,3
AAPL,2020-01-22,XGBoost,0.02090004380248711,0.007106859236955643,3
AAPL,2020-01-23,XGBoost,0.014534920966783105,0.0066865053959190845,3
AAPL,2020-01-24,XGBoost,-0.02764568192917838,0.006995511241257191,3
AAPL,2020-01-27,XGBoost,-0.0009383198624960398,0.0038796730805188417,3
AAPL,2020-01-28,XGBoost,0.003651220240519004,-0.004170117434114218,3
AAPL,2020-01-29,XGBoost,-0.008910007109900975,-0.0026762678753584623,3
AAPL,2020-01-30,XGBoost,0.004137518777088678,-0.0009248262504115701,3
AAPL,2020-01-31,XGBoost,0.03644312718430731,-0.002501986688002944,3
AAPL,2020-02-03,XGBoost,0.044233363592257824,-0.0023566079325973988,3
AAPL,2020-02-04,XGBoost,0.004762611264161443,-0.0027375523932278156,3
AAPL,2020-02-05,XGBoost,0.02030330077578446,-0.003337725531309843,3
AAPL,2020-02-06,XGBoost,0.0013251646048066945,-0.0038879141211509705,3
AAPL,2020-02-07,XGBoost,0.015373283826650708,-0.0030979602597653866,3
AAPL,2020-02-10,XGBoost,-0.007930667283132409,-0.003337725531309843,3
AAPL,2020-02-11,XGBoost,0.012546537845568695,-0.001804823288694024,3
AAPL,2020-02-12,XGBoost,-0.021087977457279194,-0.0033950000070035458,3
AAPL,2020-02-13,XGBoost,-0.036383770067682675,-0.0030979602597653866,3
AAPL,2020-02-14,XGBoost,-0.08238161153163259,-0.00395962642505765,3
AAPL,2020-02-18,XGBoost,-0.09692771022213897,-0.0025187383871525526,3
AAPL,2020-02-19,XGBoost,-0.09569868342163756,-0.0028320811688899994,3
AAPL,2020-02-20,XGBoost,-0.1460508868445718,-0.0016890119295567274,3
AAPL,2020-02-21,XGBoost,-0.126784802370555,-0.0017188439378514886,3
AAPL,2020-02-24,XGBoost,0.0021122016002066424,0.001128433388657868,3
AAPL,2020-02-25,XGBoost,0.004304433537995811,0.00042786571430042386,3
AAPL,2020-02-26,XGBoost,0.03447804752984518,0.003627142636105418,3
AAPL,2020-02-27,XGBoost,0.07092740971142542,0.008616938255727291,3
AAPL,2020-02-28,XGBoost,0.05732321560898668,0.008587539196014404,3
AAPL,2020-03-02,XGBoost,-0.10923279226910765,0.012830434367060661,3
AAPL,2020-03-03,XGBoost,-0.013756543993170722,0.009782015345990658,3
AAPL,2020-03-04,XGBoost,-0.09020946389721918,0.010662826709449291,3
AAPL,2020-03-05,XGBoost,-0.15256715043089553,0.01062247809022665,3
AAPL,2020-03-06,XGBoost,-0.03826544208555116,0.010468919761478901,3
AAPL,2020-03-09,XGBoost,-0.09001784141144542,-0.00015181717753876,3
AAPL,2020-03-10,XGBoost,-0.11382902339067646,0.001979100052267313,3
AAPL,2020-03-11,XGBoost,-0.10441851079927544,0.0020472421310842037,3
AAPL,2020-03-12,XGBoost,-0.01389843629291354,0.0011535983067005873,3
AAPL,2020-03-13,XGBoost,-0.1753067940016867,0.0018982018809765577,3
AAPL,2020-03-16,XGBoost,-0.07365505538204109,0.0010594468330964446,3
AAPL,2020-03-17,XGBoost,-0.023649628279527768,0.001901658484712243,3
AAPL,2020-03-18,XGBoost,-0.004661962216113813,0.0027326089330017567,3
AAPL,2020-03-19,XGBoost,0.055805095297273954,0.002137104980647564,3
AAPL,2020-03-20,XGBoost,0.08070165707052968,0.0011535983067005873,3
AAPL,2020-03-23,XGBoost,0.1356686360334558,0.0006465227343142033,3
AAPL,2020-03-24,XGBoost,0.030014707508414284,0.001901658484712243,3
AAPL,2020-03-25,XGBoost,-0.018776676503007295,0.0019464683718979359,3
AAPL,2020-03-26,XGBoost,-0.05227521827493797,0.0017840128857642412,3
AAPL,2020-03-27,XGBoost,-0.025551046871909677,0.002974764909595251,3
AAPL,2020-03-30,XGBoost,0.03006142592764549,0.0017840128857642412,3
AAPL,2020-03-31,XGBoost,0.02021310174904145,0.002080370206385851,3
AAPL,2020-04-01,XGBoost,0.10443747516370383,0.002974764909595251,3
AAPL,2020-04-02,XGBoost,0.09414945481266823,0.001901658484712243,3
AAPL,2020-04-03,XGBoost,0.13189140885726158,0.002467689337208867,3
AAPL,2020-04-06,XGBoost,0.0936490667463672,0.0017840128857642412,3
AAPL,2020-04-07,XGBoost,0.09636494674888962,0.00288357213139534,3
AAPL,2020-04-08,XGBoost,0.07749850502821731,0.010116894729435444,3
AAPL,2020-04-09,XGBoost,0.055263378740116664,0.011011140421032906,3
AAPL,2020-04-13,XGBoost,0.013467822482472691,0.01700892485678196,3
AAPL,2020-04-14,XGBoost,-0.06507576868712461,0.015191436745226383,3
AAPL,2020-04-15,XGBoost,-0.02928638146895879,0.01641942746937275,3
AAPL,2020-04-16,XGBoost,-0.04067089090409781,0.013020767830312252,3
AAPL,2020-04-17,XGBoost,0.0006010894550632084,0.013969949446618557,3
AAPL,2020-04-20,XGBoost,0.02253274696174401,0.013806618750095367,3
AAPL,2020-04-21,XGBoost,0.038044647948514365,0.013295050710439682,3
AAPL,2020-04-22,XGBoost,0.04212258548574521,0.011911396868526936,3
AAPL,2020-04-23,XGBoost,0.06824658525549876,0.01269145030528307,3
AAPL,2020-04-24,XGBoost,0.02155713844486029,0.016296643763780594,3
AAPL,2020-04-27,XGBoost,0.03527898223986714,0.015864109620451927,3
AAPL,2020-04-28,XGBoost,0.06813097548751434,0.016238318756222725,3
AAPL,2020-04-29,XGBoost,0.04483354809119455,0.01505836471915245,3
AAPL,2020-04-30,XGBoost,0.03383266309108435,0.015803737565875053,3
AAPL,2020-05-01,XGBoost,0.07575853903195573,0.016138439998030663,3
AAPL,2020-05-04,XGBoost,0.07744171284461898,0.015803737565875053,3
AAPL,2020-05-05,XGBoost,0.04937848229408304,0.0066294679418206215,3
AAPL,2020-05-06,XGBoost,0.026121120231142214,0.0066294679418206215,3
AAPL,2020-05-07,XGBoost,0.021854160218644614,0.0063276090659201145,3
AAPL,2020-05-08,XGBoost,-0.007803186334145229,0.006421948317438364,3
AAPL,2020-05-11,XGBoost,-0.00015872734517652365,0.006133567541837692,3
AAPL,2020-05-12,XGBoost,0.005555454817217864,0.005362418480217457,3
AAPL,2020-05-13,XGBoost,0.03764019159244203,0.006380954757332802,3
AAPL,2020-05-14,XGBoost,0.023615711779962245,0.006380954757332802,3
AAPL,2020-05-15,XGBoost,0.03633259727969418,0.004766527097672224,3
AAPL,2020-05-18,XGBoost,0.005619739882204655,0.007585818879306316,3
AAPL,2020-05-19,XGBoost,0.015871312862669296,-0.0035184058360755444,3
AAPL,2020-05-20,XGBoost,-0.0030699299932239743,-0.004445930942893028,3
AAPL,2020-05-21,XGBoost,0.0034400620071375343,-0.004270385950803757,3
AAPL,2020-05-22,XGBoost,0.009282329849755744,-0.004575486294925213,3
AAPL,2020-05-26,XGBoost,0.02086930539232279,-0.004046691115945578,3
AAPL,2020-05-27,XGBoost,0.022036514479204294,-0.004350218456238508,3
AAPL,2020-05-28,XGBoost,0.012788669898833094,0.004106512293219566,3
AAPL,2020-05-29,XGBoost,0.04264945864770131,0.0037898188456892967,3
AAPL,2020-06-01,XGBoost,0.0360725277066869,0.0008913975907489657,3
AAPL,2020-06-02,XGBoost,0.06386518203597902,0.003550939029082656,3
AAPL,2020-06-03,XGBoost,0.08526065964432927,0.0074338228441774845,3
AAPL,2020-06-04,XGBoost,0.042131951377062604,0.003675929270684719,3
AAPL,2020-06-05,XGBoost,0.022020950473725653,0.0027299378998577595,3
AAPL,2020-06-08,XGBoost,0.028579358974492486,0.0073230816051363945,3
AAPL,2020-06-09,XGBoost,0.02351744026892799,0.0014028148725628853,3
AAPL,2020-06-10,XGBoost,-0.0035426428738107862,0.0012670578435063362,3
AAPL,2020-06-11,XGBoost,0.04712731991037833,-0.002184086013585329,3
AAPL,2020-06-12,XGBoost,0.032231584794773394,-0.002664159517735243,3
AAPL,2020-06-15,XGBoost,0.0462989175572055,-0.003192954696714878,3
AAPL,2020-06-16,XGBoost,0.04104231112982748,-0.002438211115077138,3
AAPL,2020-06-17,XGBoost,0.024090630211302644,0.009105335921049118,3
AAPL,2020-06-18,XGBoost,0.0372729812546273,0.009105335921049118,3
AAPL,2020-06-19,XGBoost,0.01118025958581148,0.007463542744517326,3
AAPL,2020-06-22,XGBoost,0.008108634820558125,0.007535996381193399,3
AAPL,2020-06-23,XGBoost,-0.004720092945603271,0.007535996381193399,3
AAPL,2020-06-24,XGBoost,0.011248020149745797,0.005166087299585342,3
AAPL,2020-06-25,XGBoost,-0.0020010778825945152,0.005885054357349873,3
AAPL,2020-06-26,XGBoost,0.05717859337343589,0.005981174763292074,3
AAPL,2020-06-29,XGBoost,0.03015643604328999,0.006464965641498566,3
AAPL,2020-06-30,XGBoost,0.045422097567130226,0.006652239244431257,3
AAPL,2020-07-01,XGBoost,0.05190751719527542,0.006464965641498566,3
AAPL,2020-07-02,XGBoost,0.05374747316871664,0.0063276090659201145,3
AAPL,2020-07-06,XGBoost,0.021559497822904117,0.005996210966259241,3
AAPL,2020-07-07,XGBoost,0.041696676693380175,0.006207112688571215,3
AAPL,2020-07-08,XGBoost,0.024988713120358552,0.00672884238883853,3
AAPL,2020-07-09,XGBoost,0.008041595727358075,0.008220980875194073,3
AAPL,2020-07-10,XGBoost,0.004248145362411249,0.010533309541642666,3
AAPL,2020-07-13,XGBoost,0.030164100278382122,0.01029446441680193,3
AAPL,2020-07-14,XGBoost,-0.0005923594889164496,0.008226830512285233,3
AAPL,2020-07-15,XGBoost,-0.004630244978090725,0.010511450469493866,3
AAPL,2020-07-16,XGBoost,-0.03809996697410756,-0.0013354206457734108,3
AAPL,2020-07-17,XGBoost,-0.03853988389861207,-0.00500453682616353,3
AAPL,2020-07-20,XGBoost,-0.03606759252814962,-0.0029267522040754557,3
AAPL,2020-07-21,XGBoost,-0.03863391673725258,-0.0047743432223796844,3
AAPL,2020-07-22,XGBoost,-0.0229508273810769,-0.004715150687843561,3
AAPL,2020-07-23,XGBoost,0.03602786848525397,-0.002229611622169614,3
AAPL,2020-07-24,XGBoost,0.14732999415843095,-0.0020842328667640686,3
AAPL,2020-07-27,XGBoost,0.1490088329165744,-0.0009063319303095341,3
AAPL,2020-07-28,XGBoost,0.1760006616909604,-0.003014101879671216,3
AAPL,2020-07-29,XGBoost,0.1580650014359919,-0.0009063319303095341,3
AAPL,2020-07-30,XGBoost,0.18414037804583883,-0.0020445887930691242,3
AAPL,2020-07-31,XGBoost,0.047551659997069784,0.011589890345931053,3
AAPL,2020-08-03,XGBoost,0.036656193020500494,0.011589890345931053,3
AAPL,2020-08-04,XGBoost,-0.0008462943733721362,0.012883677147328854,3
AAPL,2020-08-05,XGBoost,0.028631395751522515,0.012883677147328854,3
AAPL,2020-08-06,XGBoost,0.011543949298434608,0.011144617572426796,3
AAPL,2020-08-07,XGBoost,0.03415437242977304,0.013589483685791492,3
AAPL,2020-08-10,XGBoost,0.016677285115727747,0.011589890345931053,3
AAPL,2020-08-11,XGBoost,0.056571537933512994,0.01140180230140686,3
AAPL,2020-08-12,XGBoost,0.02386957960686442,0.011436250060796738,3
AAPL,2020-08-13,XGBoost,0.028388794139864837,0.01531450729817152,3
AAPL,2020-08-14,XGBoost,0.0823489707997207,0.017229590564966202,3
AAPL,2020-08-17,XGBoost,0.09816106715200057,0.017075952142477036,3
AAPL,2020-08-18,XGBoost,0.08015129085456985,0.017167208716273308,3
AAPL,2020-08-19,XGBoost,0.09346864285074741,0.017229590564966202,3
AAPL,2020-08-20,XGBoost,0.05694358489940621,0.01531450729817152,3
AAPL,2020-08-21,XGBoost,0.0035179043653106312,0.014869232662022114,3
AAPL,2020-08-24,XGBoost,0.02528673269375381,0.014869232662022114,3
AAPL,2020-08-25,XGBoost,0.07494499128191667,0.017226364463567734,3
AAPL,2020-08-26,XGBoost,0.03855049050651216,0.014869232662022114,3
AAPL,2020-08-27,XGBoost,-0.0330373691467758,0.01821933314204216,3
AAPL,2020-08-28,XGBoost,-0.03082767694491384,0.008220980875194073,3
AAPL,2020-08-31,XGBoost,-0.1256976234635141,0.0062835682183504105,3
AAPL,2020-09-01,XGBoost,-0.12565203004377967,0.00597164873033762,3
AAPL,2020-09-02,XGBoost,-0.13630137757762595,0.00827377662062645,3
AAPL,2020-09-03,XGBoost,-0.0734613337424942,0.016904983669519424,3
AAPL,2020-09-04,XGBoost,-0.04629634932630722,0.016628989949822426,3
AAPL,2020-09-08,XGBoost,0.024109484469685416,0.015171303413808346,3
AAPL,2020-09-09,XGBoost,-0.044238028197272294,0.01555598247796297,3
AAPL,2020-09-10,XGBoost,-0.027755917842033684,0.015273460187017918,3
AAPL,2020-09-11,XGBoost,-0.04607147084516183,0.016101175919175148,3
